order_id,customer_id,order_date,product_id,product_name,product_price,quantity
5028967d-59c4-4c05-aa9a-ebb23825a4be,100,2022-08-03,45,son,97.92,3
e07c6cf3-96b8-4704-ae8a-a548e4a87559,56,2022-09-14,40,dog,62.89,5
5e5ce83d-6171-4851-93b3-ef4da8c12a6d,92,2023-04-30,34,impact,32.01,4
11f1047e-de3a-4a06-b3e8-1444fa57d8e5,82,2023-09-05,5,ten,32.26,2
a17c27af-527f-426a-9936-a7d059ea8689,72,2020-02-18,30,course,44.05,4
91835746-d82a-4ac5-bb45-74650dbe81fe,68,2022-09-09,25,type,87.86,1
f2baff46-049c-4672-bbe9-6b148551880e,99,2021-03-30,40,under,75.88,2
f650292d-3495-4c5a-8e09-021b297fc36f,95,2023-07-26,47,catch,14.23,4
b4b00db8-8ba6-415d-ac25-00518f320674,100,2022-07-23,26,area,85.84,1
f52eff6e-e8b7-4d10-9bca-759b221e66a4,29,2021-01-03,43,there,13.28,4
3a202de2-46c4-42df-b625-bd5649fc1135,15,2023-11-13,44,itself,21.43,1
462cee15-5403-416f-af9a-e853216f5352,98,2022-12-19,41,onto,27.4,1
d99fd463-a8bd-4cb6-9691-5437239ad1cb,50,2021-08-02,37,reality,75.68,5
2789a1d8-48f8-4cae-9882-57ea51205547,48,2021-03-21,1,up,60.88,5
300696ce-d1e5-485f-85a3-be5dfe2ed09f,50,2020-06-28,25,true,92.87,4
fb13e549-0bb5-4167-ba06-446a023596d3,11,2022-05-17,48,according,71.34,5
e8d89d23-1c47-40b2-9ba4-f8d23bcc0d90,30,2022-09-03,45,black,94.89,4
9644fef0-f1f8-4531-b5af-2a12e57d0556,87,2022-07-16,35,all,96.79,5
1373dead-eca3-48c5-b861-5e52b27a15f9,37,2024-01-05,40,order,22.17,5
1bf0ba72-006d-4403-9c3e-11cc2d8bb161,63,2021-02-17,39,with,42.36,2
28a1d01a-84b8-462c-880e-a540eb515f78,98,2023-08-23,49,develop,55.51,4
703717b2-55c2-4826-882d-2be227453fce,76,2022-12-23,11,six,24.79,3
d64003a6-4ddd-45f7-b604-a774db733bde,36,2022-12-31,8,dog,17.74,2
4e584630-78b5-419e-b358-3f8543eb80db,99,2023-04-13,38,today,71.66,1
6b5fe50e-a448-404d-9d55-868e79464136,10,2022-11-11,3,performance,32.26,3
e4ef9969-f2fb-4446-b440-adb7415d4a8b,76,2020-05-05,33,star,56.68,4
f1ca16d8-439f-4f81-abcd-ee3c1d2c7cbe,76,2024-05-25,2,weight,40.11,5
1175162a-1505-420c-a0ef-a825fed14c98,70,2020-04-05,20,value,95.77,3
4c967662-a904-481e-bae3-803bfa1b4d32,32,2020-09-06,4,though,34.92,1
83841a83-26e5-45b4-8c2a-3ecb5a84c973,68,2022-12-14,27,support,81.12,1
318ce43f-70e0-4ab6-8769-2840bef07b4d,72,2020-10-09,11,most,75.2,3
78b503b2-2cfc-46f8-a26b-d0b78ea0f92e,44,2022-02-06,9,do,23.03,2
10251848-5616-4574-a254-96884e52f85b,74,2023-08-25,16,reason,77.22,5
fc8b3bc6-26eb-4cc0-8af0-ce284edba4e4,94,2021-12-25,9,season,82.09,5
a8c1893a-d62b-42a7-8522-a272774a2049,49,2023-05-22,3,trip,92.21,3
d755fccc-c0e9-4821-9d43-6e33eab4d31c,14,2020-07-02,8,land,55.69,1
3f6de0ff-ef9b-4e83-aff3-89a203d3990e,94,2024-05-21,42,nation,58.56,5
66fb4a53-4d0c-4e6a-9243-3ca9df69f8d3,74,2022-01-12,36,very,80.6,4
951f1179-8150-4738-9048-9500e97e477d,67,2024-06-10,12,detail,96.35,1
9a91669b-7864-4ad3-a255-16abbf44796b,88,2021-04-12,26,despite,70.7,3
ee71d361-48cc-45ce-b894-e67961678589,10,2024-03-19,49,most,28.4,2
d8c0f17e-432e-41c3-bb3f-e4f864b1fdd1,81,2024-07-19,24,form,11.73,4
afcf5895-c284-438c-8871-d4ae056a0303,16,2024-02-28,30,back,73.57,5
6b150580-249d-4495-be3f-519d34caebb5,46,2022-01-13,11,land,31.05,1
7abeef87-939b-49c5-86ed-fa73f7bbd069,39,2020-12-17,40,operation,43.86,1
ca7ea8bc-902d-4981-9af5-3ec07cbd3fe6,86,2023-03-22,43,possible,11.42,2
ab53af75-2b29-4fe1-b53f-814584743aad,54,2020-03-30,21,enjoy,19.39,5
656b19a7-c666-46a2-8ec4-fa82bbaf0803,74,2023-08-09,16,leg,99.81,2
888f7f54-5fcd-4d01-bfdc-d6aafda018af,70,2023-06-12,49,five,21.87,3
90833606-35ad-4391-8129-80a3adc88fb2,13,2021-03-02,8,how,50.33,1
e73fb0b6-0124-459a-9ea0-bab5054d0892,11,2023-01-01,4,affect,66.53,1
8f6fd5e2-2da5-4140-b4a7-4068cf838df9,77,2022-08-11,48,grow,31.53,1
234ef12f-8766-4a7a-bc14-3ca832dd5331,54,2024-06-12,2,local,57.42,1
627a7301-6cf6-4fad-86a1-206349e58da0,12,2023-01-20,43,might,69.5,4
b74a5879-ece8-4e46-97f6-88745f1d816f,52,2020-08-14,14,method,36.59,5
4b27a6bf-05e0-4001-be8e-7817921881b2,39,2021-03-10,8,past,88.55,2
1653cb03-78b8-4e43-9e10-f369ff3371cd,46,2022-07-08,47,window,75.14,2
57d72f3c-2a7c-4776-83f6-6df7196e7bb0,50,2021-05-16,33,change,51.08,2
21b6e03a-fed0-44da-bf44-af302c5214e8,55,2021-12-14,46,authority,41.22,3
cf6d14cc-b17b-402e-8b2b-e1e15b561357,92,2023-06-09,50,maybe,74.05,2
3dc2cdb8-3882-41e0-a2fd-51b23a091e1e,50,2021-05-15,2,often,23.59,4
7982791c-3e9d-4ca0-b394-6c152f932d56,74,2021-10-08,37,pretty,66.39,2
e5eeaca6-15d9-4598-8bd8-1f540979b398,85,2020-07-30,24,support,11.89,2
112ed8e5-2dbb-46f0-a203-8be541a9ed84,65,2024-06-12,48,by,89.95,5
3bf1e4e0-e992-47b9-aa6a-2c22b6ae2117,97,2022-05-21,37,ground,60.38,1
54ca4e95-843f-4803-9c8b-7a11e001f313,50,2020-12-12,16,budget,97.39,2
60ad6f91-e634-4f29-9e82-d35b2097709e,7,2023-04-19,40,gas,25.42,1
c9775533-e454-4c63-838a-76cb4ebb2ecb,55,2021-06-08,16,great,95.06,3
7ce31f1c-bf62-4d36-9ca9-68b4d8c97df9,65,2020-10-18,41,care,82.46,5
49ce9e9b-dc4c-4192-ae5e-5bc17c4db79f,41,2021-09-28,37,left,69.55,3
cb20a2ac-76b1-423a-b738-6c9738c5f0b8,90,2023-11-29,50,door,88.45,4
055aa277-9091-4c5a-8a06-798ce35479c4,87,2023-10-12,9,final,13.69,2
1e9313e7-5c74-41f0-9ed6-8c12eda13db8,72,2021-02-13,7,pick,17.31,2
86876124-2693-4cd4-abe8-19bad8e5f8c9,37,2020-10-01,33,car,31.08,5
10958604-66d8-4b03-9683-cb556f07229e,47,2023-08-15,10,government,95.12,4
dd2d42c9-4809-4b7c-857b-a6ffead8f69a,35,2022-10-19,1,her,86.52,1
ede525d8-9255-4005-b69c-b5505564837c,11,2022-09-18,43,north,84.42,3
73ba738e-fdde-4f43-8179-5db19cb67121,81,2020-01-02,37,answer,51.9,3
85910818-d051-4d1e-887e-faa6aadac4b7,71,2020-01-26,9,radio,79.01,2
55a2cad6-5d0b-47f6-abe4-41b1d1c2fab9,54,2021-03-28,33,set,74.99,3
631b2eca-15dd-40f6-ba32-97383e855b0e,80,2024-07-15,18,dog,67.73,3
721e46bf-6b75-4cac-8ff9-8d1884e3499f,40,2024-07-12,15,consumer,69.68,5
baef9504-0e11-443f-9dcf-f9c2774aba17,5,2021-08-16,12,management,84.25,1
03da8b8a-2e80-44f7-b64e-c1e1e9a90c3a,1,2020-05-19,46,black,94.15,3
5899fadb-ec4b-4d82-86e4-53c81f5c76ec,55,2024-01-13,30,would,54.65,5
1ccc1f26-d47b-4509-a832-689b159c8ced,19,2020-06-12,34,page,54.58,3
27d0dd9e-5fa2-499e-8c2d-618e54f9adfb,19,2020-04-24,19,accept,61.51,5
3c6fd0c2-0439-4433-948b-1c05c0f712dd,87,2020-08-18,42,executive,41.18,1
635e08cc-df7f-410a-b179-a76974fbae67,39,2021-05-14,36,newspaper,15.98,3
4bf158a9-8b3d-4e22-b743-00c14ed1d426,42,2021-01-18,45,perhaps,71.77,4
83a621b9-ef9b-40cb-9d8b-33bc26687eab,5,2021-04-02,23,clear,79.15,5
b7a5596a-cffe-4efd-827c-d18b2bd97e08,58,2024-05-24,22,story,42.0,2
add892bb-b421-4d1e-b1ff-a77b30e2d03c,37,2022-05-30,44,you,98.63,1
0fc2f07e-e18c-41c8-9332-f144eda44252,31,2020-10-15,25,case,24.94,5
f5782247-b87c-4eb6-bbad-3751fd144361,76,2020-08-22,43,design,24.99,4
49d3f8fe-6c39-4952-a099-50dc2e36d914,78,2024-06-02,31,return,98.05,2
9dbe240e-04b2-4fc0-9327-d17206c6038a,38,2023-11-03,11,see,23.53,4
21d235d0-17b6-482b-be9e-cc7e6ae50ac5,34,2022-11-10,33,service,99.83,1
0d10d953-0beb-4c8d-b624-96729db66bfd,57,2022-03-10,26,ask,63.78,4
d1b34aa1-25ab-4ad2-9629-df508ce27e6e,81,2022-04-19,38,value,29.52,3
63db482b-a14c-43c2-a3b9-faf680623e50,28,2020-04-14,22,may,55.68,2
1e5a6f9c-89eb-499d-a74b-bde714fcf2f2,64,2024-05-15,1,born,94.21,2
4250230b-3ab3-4012-950a-bb26c6a44d89,78,2021-06-13,17,part,93.39,2
c4d0fef7-9aa2-40e2-8d03-6b399516e9a0,8,2022-01-15,43,anyone,47.8,4
c1ebda2e-58c9-490a-b48e-81738b7d0071,68,2022-05-08,13,office,56.21,1
46e673b0-4c89-4d35-ab45-17a775e3872d,71,2022-04-30,17,time,29.48,3
4fc313d8-c9d0-4c61-9783-acda8e3dff25,54,2020-10-11,11,age,80.38,5
7d5687ed-d748-4925-8cd4-a1434a58cf6c,43,2021-04-08,29,day,47.52,1
2bd35354-9abe-4d8d-bd59-71aa5c56cfba,82,2022-05-05,40,space,27.49,5
1d82c2c0-03c1-41c2-8f6e-39596b33d5b5,85,2020-02-17,28,scientist,51.92,3
c57a78de-4588-43e0-92db-48675c3c809f,37,2023-09-09,22,catch,19.94,1
9a2f577b-5b9d-4254-9d91-c7f2528a8d64,43,2020-12-20,41,next,83.31,3
6f5a3cb4-68ba-4eb0-8bfd-0c3531427e0a,97,2020-07-26,11,mind,51.96,2
598d161e-b8d0-44c2-926b-667c5e32344f,36,2021-05-04,19,value,30.84,1
2d731687-7699-4fe8-9c32-03d983aaf93a,50,2023-03-18,26,memory,13.96,2
fd3341c1-1f2a-46ac-9581-2dd01f507c55,4,2021-11-28,45,eat,25.03,1
27fee767-c331-4283-b79f-156d68879da2,51,2024-07-19,31,provide,86.04,2
c109f1c3-ac06-4e68-8327-bb4bf57a721e,77,2022-03-26,19,quite,65.71,5
e8202a1b-e963-45bd-bdea-43973be7e4cc,95,2023-12-23,28,stage,44.31,2
bbb77a4e-0a6e-4a5b-b49a-1b649db53b84,21,2022-03-07,2,itself,81.3,5
7eacd53e-de7b-4f7a-b15c-bce6d2044e4c,84,2021-03-12,1,decide,34.62,4
d760bcee-353c-4ad4-9ea8-caa7c3bff43e,25,2021-02-14,1,court,76.37,3
ea846f3a-0035-4624-b057-780b075193c9,26,2023-08-05,40,mean,90.05,2
6e8dc29d-057d-4632-9078-056cbbb05d58,18,2021-11-27,37,necessary,25.77,1
4ef37472-882a-4341-8761-f4310db2b066,48,2023-08-03,49,not,56.97,3
83fca7b2-37de-410c-90b9-e4f83946889f,75,2021-11-21,18,under,40.81,4
3e6d4df6-aee7-4ce1-8820-27a79bdd5d3b,76,2020-10-24,8,data,86.07,3
77bb44db-8ffd-4698-97c5-02ed853d43f9,73,2021-01-15,7,board,18.6,2
1d459c65-1215-46e3-bbb4-9e4549943984,99,2020-04-26,41,capital,88.23,4
f2c80901-8f3a-46dd-8f4f-f73c79208620,45,2024-02-04,31,mouth,97.57,3
8ad59001-6d77-4f7f-9642-112c397915b2,82,2021-02-26,11,follow,75.19,2
9fd81a76-5088-431f-92b3-f754bb96e4eb,60,2023-09-19,9,easy,27.59,2
ed3af7fb-29de-49d6-adb4-483cef7d2439,49,2021-10-13,26,figure,94.87,5
6be7ef85-04cd-47f8-975c-4fe765ebe247,43,2021-07-06,25,deal,35.49,2
df2e5600-88bc-408f-bed4-a01bb2939936,50,2024-01-22,11,issue,23.4,3
95dc9ab4-984d-4bbd-aecf-cd508893bd05,63,2023-09-16,6,person,27.94,2
e2a17ee0-0134-4569-be75-7bfff84547b3,26,2022-11-05,7,out,88.38,4
11104b73-a444-4503-8a95-b918048de31c,99,2021-08-18,13,media,39.86,3
9bbc837f-c274-4afc-aff4-139930bc713f,65,2023-10-13,34,relationship,53.3,2
69b05c48-2747-4f3e-a3fd-b9ce02689d8b,59,2021-01-15,26,director,82.47,4
0236c31f-dbd0-4968-be05-084b0a4ca48e,3,2022-11-26,37,partner,74.33,5
8b8a2f80-4744-49fa-9c58-cf3f26d6e3c9,37,2022-04-18,21,really,76.44,4
fa0672c8-11d9-4281-a9db-75e091255202,71,2023-05-12,31,usually,13.46,2
35c05c83-d2af-400f-aca6-0ea51cff1ab7,80,2024-07-04,25,resource,92.26,5
01605f02-06c9-40c2-a5d7-8a6cd60e4b9f,15,2020-06-20,44,suggest,55.21,4
e0f456bd-e08f-4941-9aae-3518d15fa17b,62,2023-11-07,30,teacher,20.45,2
e6efa311-6108-4f3e-b020-373681acf8d3,79,2022-03-19,41,huge,67.24,5
165e3613-6e1b-43bd-8dc5-34056b1e6228,41,2021-12-02,14,leave,32.62,4
8c901cb5-9cd4-45c1-aaa6-a55e4a5cba8a,35,2020-10-17,8,allow,75.68,5
435ea52d-4471-4421-a867-1d354714683e,29,2022-05-17,22,minute,96.48,5
822fd79e-c13e-4c77-befc-0a954bac14c5,41,2021-06-30,50,piece,74.75,3
059ba590-6ce6-4031-9551-757a61b14240,51,2022-07-10,26,like,96.37,5
860797ad-696f-48c6-9a4c-b2bf278c08ca,28,2022-06-20,11,answer,81.29,3
4b2de028-31b4-4027-bd4b-2ae9f82acede,64,2021-05-19,41,already,27.95,2
60de68ff-f91b-40cf-8e68-8b8a7c17504f,80,2021-07-17,11,several,97.03,4
b6207d0c-deb0-4660-a7b4-37a7659fdf3d,65,2021-04-18,16,second,63.36,2
29780eef-cd4d-442c-8156-4bd75dd1d024,23,2021-01-05,7,marriage,37.28,3
df817543-4dc4-40da-89df-657a642ea4e6,57,2020-09-10,11,experience,32.67,5
84ac677a-b0a9-463c-a862-10b9f797f109,56,2021-03-26,1,it,42.02,1
cbb07ff9-e47f-4f48-a314-c0bfba1e6475,81,2022-12-11,28,good,87.2,2
5c2670af-80c7-4143-9897-931cd11d61b0,90,2024-05-29,45,human,76.9,1
012d1a33-f1fb-4639-9a80-1376e39ce9a4,72,2021-08-02,7,official,98.86,2
3c347b3f-a8a4-449d-8975-9fe9cfd8e5f7,73,2021-06-01,18,war,98.03,1
4eea65d5-8950-4129-8750-6ff761a345de,48,2024-03-14,5,day,44.59,3
d193f31a-47ac-4950-97b9-388a4b5f9444,60,2021-06-23,16,brother,97.01,2
cf1278d1-ba72-4a27-b4c7-ed84133c3bc7,6,2020-12-09,46,improve,19.52,4
17968af8-a3d2-4461-bc45-935dea31f5a1,64,2023-01-30,32,wonder,87.41,2
f1eca06b-092b-4185-94c7-210dc58b4929,90,2024-03-26,49,upon,96.24,3
5604f3d5-a951-4ba6-97cf-a64cb6ad0134,6,2020-07-28,49,idea,58.45,2
a70dedc3-086f-48ad-bd67-05c638c385d6,37,2020-05-18,47,address,93.69,3
0ad505ca-a0d2-41a7-8641-d4f5f70dfdff,46,2024-04-04,35,I,65.62,5
bfe62d09-48f6-4629-b98c-6821965cc1be,54,2024-03-13,39,performance,48.66,2
3db4e3e3-b162-441f-9046-4b2f4b3d69a2,87,2023-04-03,47,law,88.27,4
a103d73a-3a61-40b9-a119-c227314b1e6d,27,2021-10-23,33,model,40.65,5
e4d82ec2-3d89-4ad2-bfce-da2c08d0ec5a,73,2022-07-16,41,to,30.68,3
5734d2f2-d51c-4fda-83ce-4c53c8155d49,41,2023-04-22,42,war,29.63,3
19fbc27c-0606-41f2-b442-ded183f2c896,53,2024-01-18,4,market,47.79,3
1fc40521-89cf-45b0-8955-919a14ff9473,14,2023-12-19,32,take,16.06,5
30147e48-dc9a-4dc2-86fa-bd65af326bb2,81,2020-05-22,8,red,86.98,5
914fd4dd-7fc1-4938-aaae-22d2b1af3d1c,35,2022-12-15,36,budget,48.33,3
08acfc06-a8bc-48bd-9f99-3cad86017196,78,2024-06-04,25,country,65.38,3
2d783863-13ff-42d1-956e-492565977056,55,2023-09-15,35,public,56.22,1
373b53dd-8d7c-4c8e-8465-16988b91ccdc,47,2022-07-14,39,attention,49.51,1
ae0248a5-e982-4cf6-b2e3-fc4fd4251860,17,2023-12-04,22,position,80.24,3
489822ae-1eae-48b4-afbd-df2e4776f140,16,2023-06-19,30,degree,42.43,4
c6fb4aa7-6252-4358-a2e3-28d1d09c2766,64,2020-09-09,28,me,37.63,4
39625977-85a6-40bd-a40b-76d6bc1ac6ed,36,2020-04-09,16,environmental,87.23,5
286ce432-7d77-43af-9562-065933430873,62,2021-12-17,21,quite,64.85,2
846b649c-1dd8-4496-a827-790ca83146f3,16,2021-04-28,20,development,22.9,1
f4a09c18-f159-4ed8-b5d8-0da3055cd405,4,2021-02-28,14,true,36.58,5
95407d13-b878-4f2e-bade-dfe312296ba7,80,2022-02-05,24,police,86.01,1
593bec5b-ed3d-4f01-8221-07ac0b28ac5c,80,2023-10-06,26,cell,58.94,2
4b4439fe-2259-49c7-afb6-40f8dc44d014,77,2021-06-02,39,laugh,75.58,2
1ae09296-94f2-468b-9290-3f54795d2720,9,2022-09-23,22,nice,98.12,4
797a6493-d35a-4c7e-b342-373d064a536f,89,2023-02-17,3,along,60.68,4
e4dacb86-392e-434d-aa26-e20d8b99b01d,88,2023-08-27,43,next,80.02,2
39014763-0e9f-4cbd-959b-007ef01f0151,22,2020-07-24,13,course,97.6,5
fdf7e06d-fdb8-4b92-9cef-3823397de14e,45,2023-08-23,33,case,86.71,1
eb06eb40-c12b-4852-aa98-3f120a2c2d7b,32,2020-02-07,40,head,69.18,5
b666525b-6197-4ace-a3f9-8c50b4850477,24,2023-01-22,44,court,22.23,2
fa78c0a6-322f-4dec-b290-e651a8455730,24,2020-04-01,35,raise,96.65,3
4fcc324e-c832-4dce-bd8d-6856e72dc6e5,18,2024-01-24,18,war,11.61,4
b25c8a12-ed4a-4a0b-bac4-a0cf9b4c0eac,2,2020-12-08,30,establish,16.1,3
65a723a5-2160-4a85-a2d7-f094e3b3f6c2,78,2022-09-03,17,all,69.38,5
dea0fdd5-aad6-4a4a-a724-6542a59bcab5,3,2023-07-12,40,paper,50.41,5
6b98b7bd-8010-4f06-9b74-e7d41932798f,67,2021-06-22,17,beat,22.93,1
a0dbd554-5b7f-4bd9-bf87-8cf5cb000e22,67,2020-01-30,22,research,46.17,2
362b4cac-0934-4204-8eee-fad7fa25d543,4,2023-05-09,43,large,31.13,3
aa78b01b-5b2c-468a-87b7-cff45d7a0fe6,18,2022-09-15,15,half,92.31,5
3f23c901-4fc5-45d2-84b8-e5fb8a745e94,74,2020-03-12,11,eye,89.68,1
9f3e771f-15ef-40c4-8a52-34297d3a0471,7,2024-05-20,4,whether,18.86,4
8f8c62f9-46a8-46d9-82f7-62c8e81d2984,31,2021-12-18,4,fast,88.51,3
669cb8c2-aad6-48ba-9542-b8a321a57515,66,2021-07-22,7,board,72.63,2
262f13d1-4139-49db-af69-ca11297717da,61,2023-07-21,45,site,78.39,3
3fc4a15c-9db5-4425-9ad7-6129c1e2e20c,37,2022-06-13,5,public,17.55,5
4eb02159-5e4f-4789-b792-0dca8c887d9f,56,2021-08-01,23,if,50.48,5
a0b7174a-48d9-4e47-939c-0d506dfefb8a,53,2022-04-10,45,reduce,61.01,2
037178fc-9172-4d44-8667-15e150ee4033,75,2020-03-19,31,collection,34.22,3
8d4f7225-23c0-486f-a856-d1a5ca89946c,81,2023-03-18,23,free,40.46,1
2d437db8-b768-4e3f-92be-3954c05af019,67,2021-11-13,6,fact,34.39,4
0c3104d6-192d-402a-a3b1-55767bd1678b,74,2023-02-20,49,along,26.12,4
76164759-c80d-416e-84b7-7959ac3af433,21,2020-01-30,25,structure,16.69,3
aeff0360-a9b7-436c-a0ee-539b705aba1e,62,2022-01-02,12,risk,90.17,3
9795a88b-2b63-4abb-9422-0bef9c9f5d76,70,2021-06-20,40,network,12.21,2
f90f32d3-278b-49a9-9d63-4c601cfce94c,44,2021-12-31,26,me,60.08,3
ffbb4b0c-81e6-4d10-bac0-690bb5a25635,78,2022-04-04,37,color,42.13,5
21ab8c9e-cebc-469d-9458-ddeb61689360,52,2020-12-24,43,into,93.57,3
c027b601-f4c0-439f-9242-e1f57cc1a693,34,2023-07-20,9,involve,65.56,5
41d66529-84e8-4c62-9a7a-8df5d42c4f5a,16,2024-02-19,39,nearly,92.7,4
e717c295-ff46-425d-90bf-aad0e92dd19c,84,2021-06-01,13,concern,15.84,5
b98faf1b-10ee-4758-bb97-91973b58c3c4,30,2023-10-23,25,cut,35.61,5
b79620fb-d9b9-4e92-8155-d9930d6cb05d,65,2022-02-08,42,drive,82.14,3
1f38c5a2-a5e4-4956-871a-0d135c58e744,7,2023-02-22,36,oil,46.74,2
34af1e6e-6f23-4533-8dcb-eb52ac8537d7,73,2023-06-03,45,although,32.6,3
9f41108a-0794-4fc2-93a5-2f2fbef4c46e,30,2022-07-31,46,raise,29.57,2
6a9ca847-bc02-4f12-983d-2cf8581ae779,97,2023-03-23,45,religious,27.6,1
9f83ca65-ed43-41d8-b8a8-7f2be220292b,27,2022-08-19,42,beyond,39.52,5
822c9e53-9eaa-4dd2-861a-f46c2ba11a19,89,2024-03-03,20,there,79.32,5
39416f40-d9c8-4550-ad93-a2576917bd23,93,2022-03-22,36,produce,13.99,4
73cf65c7-8871-44b1-a37b-3d647bbc5bd7,80,2021-03-04,26,at,19.37,2
7ae2da60-3ac6-43e3-8b0b-431cdc95daaa,70,2024-02-21,34,mouth,95.54,2
7fe3c19b-2e76-4716-ae6e-294f9f59ef9c,57,2024-01-29,23,north,35.56,3
1fd1476f-22fc-445a-a4eb-d50485c4b91a,94,2022-05-24,39,research,33.57,3
ba8287ef-58cb-4ab1-9630-aecfe3959a62,67,2020-04-05,11,family,79.04,3
fd1dd4f1-0b17-4021-bbea-f96b043e6f1c,53,2023-04-18,15,strategy,47.33,1
3e6c8d11-1403-45a5-a5e2-e8e7588f4aa7,71,2020-05-01,7,anything,20.92,4
92a8cc78-daff-4327-ba1f-70df127f6eec,2,2024-07-10,48,there,67.36,1
d4e2f4ac-85ea-43b8-a145-ef602a421307,32,2020-10-22,1,degree,12.82,1
91d0932c-afdc-4c44-a150-d991287d99b9,20,2021-01-15,49,whom,89.16,3
a153f378-f76c-4eb3-8d52-db593f308b54,97,2022-08-13,4,edge,70.47,5
55cd2a82-2cdd-419c-aa63-84725830f5a1,63,2024-03-04,37,home,42.41,2
9c2e982d-3fc6-45b0-ac63-179e4960b148,84,2023-12-21,44,listen,34.84,1
65ff645e-fd0a-414b-a5c4-fa01c1697ec3,23,2022-10-26,3,market,28.97,1
7500f019-3ac4-4509-b59f-951e8c402ba4,55,2024-05-29,27,government,50.38,2
e58a6db9-2a18-4d5d-8f15-708ba82ce967,89,2024-06-16,14,already,91.37,1
aa3e1cfd-fff3-4512-8cc5-0bbc23c2d4a9,100,2022-11-19,39,though,12.18,4
6cb599e3-e6a1-4e0d-8f27-98ea651940e4,92,2021-06-04,43,not,83.55,5
66f205cb-fb87-445c-8101-d5143d8802cd,38,2020-04-30,38,standard,40.82,2
e1c3ba74-b91e-46bc-83bc-2df2e83cf641,61,2020-10-08,47,space,74.24,2
ae7c5d66-6d6e-4aff-a5fb-6b82c2c30eb2,89,2021-08-25,25,loss,40.95,4
3c42c1e0-04ed-4bdd-bd2a-7e0b4ea15ce8,16,2023-05-31,38,administration,19.12,4
596eaf4d-b153-476d-97dd-5fc3eec19c00,74,2021-07-19,8,while,59.04,4
68f5e1eb-e166-485f-9160-6c59a8c49e6c,8,2023-03-28,18,head,61.88,3
c1ddbe2a-a379-40a9-b594-63d8de171d63,72,2021-08-29,18,chair,11.68,2
d04db757-e8f7-4a82-921e-dc963afa80e5,85,2024-02-22,33,head,35.71,4
ede1bdf0-7cae-4a37-800f-5912fe650908,47,2022-06-26,19,example,73.47,4
a9a40c35-54a3-4268-93f6-3e56b26b7267,93,2020-07-18,35,business,21.2,3
cff7d89a-0d1a-4227-bb5d-f5f1bc40292f,84,2021-02-24,13,natural,45.66,2
7a5c22ca-f676-42ff-81a7-259c10ec3ce2,44,2022-02-25,21,before,90.77,5
432415a6-3ad8-47e4-895e-7dea489e0727,59,2020-03-22,26,tell,97.86,4
3178a3aa-1870-466b-b53c-147d3fdde916,41,2024-04-29,34,doctor,53.98,1
cd03eefc-7179-49bc-b8e9-5c412f29cc0e,66,2023-05-24,8,food,46.8,5
38d99963-7a56-4a65-9601-d834d3afb000,21,2020-11-04,3,anything,59.82,5
3f2556d2-e62b-466d-98c5-adfd86d5bd43,60,2022-05-01,15,game,18.61,2
a7e6cc4a-cdaa-42ca-8268-d730ea2109c6,70,2021-02-19,24,claim,66.73,4
10fc3d5f-116c-47bc-84ea-688c5cd3df25,45,2021-03-30,29,front,22.43,2
939aabb1-ec95-488e-b941-1d8eb58b81c8,58,2022-07-22,6,light,46.23,1
baaf1dd8-16ee-4b7a-b7df-fc9b78ce7c6f,40,2022-06-10,45,room,88.93,2
f93019d7-6728-4d1b-a688-dcd28cde1985,85,2024-06-19,12,response,22.41,4
35a66e3d-1259-481f-9738-c6396801e8d0,97,2020-08-25,5,alone,89.62,5
888ebeb7-c105-4f48-ba31-0bc3d8154f1f,63,2023-04-29,7,bed,70.72,2
33f86e0c-42c0-4ec6-af92-d11285e542e3,90,2023-03-13,48,treat,63.57,5
120cc62b-a884-46b5-84be-16a3a3b92c42,93,2023-10-02,34,front,72.99,2
90b60577-eff1-4ed2-b01b-7247b920cd72,100,2024-02-11,43,chair,37.1,4
1e01fcac-7caa-49b8-a09b-b63a831748bd,8,2024-07-29,29,to,36.16,3
a13de227-ea49-4c9e-9f36-f1951f9b9273,18,2021-03-27,50,catch,75.37,3
4dff6fa3-e968-4550-b4b2-2f783e2b8e2b,78,2021-06-06,32,western,39.43,2
2e3e9bb3-61ce-4282-b930-76b827d5e632,8,2021-05-20,32,country,74.32,3
f89d8be2-bc03-4c4d-8279-84bb96147ce2,74,2023-10-12,46,everything,60.11,5
b78f5a15-b2e1-4c23-854d-5f9042aa0567,10,2022-06-10,42,ahead,36.73,2
9b076ac2-3dc8-4c12-88d2-b0d6a5650267,96,2022-12-07,46,buy,49.91,5
a2cdd8d4-75e5-4502-965e-09aeef8d1edd,23,2023-10-05,19,great,48.15,4
809c3812-06d4-4071-9b99-1d66d6c060bf,82,2020-03-14,40,hour,62.46,1
337eb3ef-e24c-4f4d-bb1f-1ec6b07a18c8,34,2020-05-25,9,help,58.14,2
a5827187-4879-4f47-872d-a38acde3e3a0,28,2024-07-27,48,own,25.54,3
a2af1bdd-5b88-4de0-b235-b051ef513e3f,25,2024-06-09,41,minute,36.43,2
4e499623-af87-42d5-bf31-d6e6949e2eb1,35,2021-05-14,22,service,65.21,1
ff1ca921-6c72-44bc-b081-e8ee779ae525,15,2020-10-31,22,why,75.23,1
149ea6c1-db62-4edf-8c70-9c6555f330aa,28,2021-02-10,34,base,12.47,2
699257a4-c1da-419d-b495-bfdbd29e6616,41,2024-01-25,7,enter,16.65,4
20af30e7-566c-47f9-850c-8c31f66f3314,9,2020-11-05,44,ask,35.77,3
5d5f0b8f-efd2-424b-98b0-74f9cf59b15e,24,2022-10-24,13,water,57.91,3
5a948c28-f056-4e03-9bb2-28f7032a6c03,48,2021-12-27,28,federal,28.26,5
a8c497a1-3436-4d1d-b13c-490ad36f5170,20,2021-04-09,39,theory,39.83,1
56163357-d11b-4b13-94a5-e3919c4e1750,47,2020-03-11,20,various,25.7,5
9aafa8a4-14a3-440d-a2c9-58df597dd845,81,2020-09-17,25,involve,33.0,3
0664936b-657e-49f0-bef2-d38132f373ed,53,2020-08-01,12,rather,64.02,2
04291f87-7f4a-4a91-a90c-0d6c1b0dfcf7,62,2022-03-31,45,support,22.12,3
4166c6e3-9384-49d1-af7b-68d841fb9aa7,22,2024-04-21,38,board,55.83,5
750e379b-c731-4d5c-962d-f86e261ad1a2,9,2021-11-30,41,they,19.94,4
861f1546-95c7-404c-a67c-806aa785e190,55,2020-07-24,24,often,66.73,3
1d81b9d8-022c-485b-8ce6-084d8f128266,70,2021-04-06,16,energy,37.82,4
5a1a9ddb-8631-4caf-b138-10df8e1b8b03,64,2024-06-05,12,fill,29.26,4
4dc8c1ab-8505-4a1e-88a4-a9d08b496337,9,2020-08-22,42,catch,66.8,5
ffddea40-0337-4e9b-942b-fa75949ae562,72,2023-07-04,30,traditional,42.24,1
c330f9f5-371c-4c09-8ee4-3da99fd79f1c,15,2022-10-10,28,party,58.61,5
7c909d4c-9111-4da7-b24e-b447f1933d0d,83,2021-01-09,37,camera,40.99,2
890dceb3-8b4d-4856-9f5c-849bd080c743,63,2023-06-06,29,authority,35.02,2
7ff268fa-9c20-4887-bd16-8e2647e70d5e,84,2020-05-02,2,article,55.95,3
80e3181e-4c41-4a31-8ee3-e740af15895c,57,2020-12-21,11,determine,18.81,1
e4f93da8-50e9-4458-b74e-9070afdc67b1,21,2021-10-26,22,gun,97.51,2
7956a612-404b-439c-9e8d-ccc8417fc81d,97,2023-01-02,23,soldier,33.65,5
4064c201-c59d-4521-aac8-0ca4090e8474,79,2024-06-15,16,may,43.7,1
84e661c0-477c-4d8b-b9c7-b116bf877f1d,37,2021-10-10,22,body,75.5,2
9dc97691-33c0-41bd-b1ee-e1634ee0b9c8,9,2023-10-05,36,return,32.43,5
6125e057-3ee2-41e5-8621-b37818fbb344,62,2020-11-11,35,eat,37.97,4
78dba283-be13-4494-8d7f-fa04085fc658,23,2020-05-06,21,case,16.55,1
7dbc1c5d-233f-4a43-8901-3074dcaa05b9,59,2023-09-02,31,measure,91.82,2
9ad70681-da92-4cdf-9e9c-22efbf150fa1,5,2021-09-15,40,father,68.79,3
c0cec272-a439-482f-86eb-ef53d7af152f,23,2020-10-05,45,leave,72.42,3
05af01ca-2574-46bc-a07c-fc690b686370,20,2024-07-02,6,hotel,25.98,3
1bd0a250-c286-4e04-86b4-3d4a07ba055d,70,2021-07-09,36,choice,61.35,1
79c2fe35-e066-46b1-b934-041af0c4916e,33,2023-09-18,50,because,59.48,5
f2826343-5344-4eee-ab3d-b70ccf35457d,28,2020-09-18,41,everything,36.25,5
03431a50-ce3b-4dd2-b500-1ff35c6484d8,33,2022-01-11,37,fund,58.33,2
7b54418e-e95e-440b-93f8-9b4bd641e09c,70,2021-09-03,5,participant,26.85,5
1218a5c5-2edb-4eb4-b7f4-b9f478ae00b9,12,2020-06-17,34,scientist,37.28,4
668c546c-632f-4081-b8b4-26fabf510124,36,2020-02-18,18,child,25.95,5
6eb1f1f4-bfab-46d1-b440-70cede17dbba,48,2022-08-01,22,though,37.46,1
fa997ddb-011b-4f75-aa1f-4d91f18d2b1d,97,2022-09-14,48,road,60.43,2
7cdedbe6-175d-4980-9141-633144dd9d56,81,2020-12-02,1,upon,22.64,5
5bdb7a1f-ed6d-4cf2-8fbf-84d284720f74,31,2022-03-12,48,teach,62.87,3
1bf5d884-184d-4e2c-a990-0ccb629c1415,90,2024-07-23,1,west,13.53,1
c925a378-6a74-4c5c-ad9a-3bdcac9370b0,37,2024-02-22,40,enter,77.69,3
c5518353-deea-44c5-8332-03cd0e354ef2,64,2022-08-09,44,body,31.17,4
f7b5f6f6-aee1-42e5-8bfe-5175882f4e4d,21,2021-09-27,1,part,19.21,3
3da6569c-0cf2-4d62-ac66-7a53c508a762,98,2023-04-03,5,will,32.26,5
a8861ddd-e83d-4e46-8f17-fb020dc35300,71,2023-07-03,6,herself,40.64,5
a0a64914-06a3-48d1-98d5-eaa6550a71b1,72,2023-03-07,46,middle,90.12,2
907df1be-e212-466f-8ec7-9b274bef5083,21,2020-12-15,9,energy,82.21,1
156b003f-5b70-45ca-a7fc-3f3c821d6430,77,2023-01-31,10,whole,23.36,3
8f0e384a-4b63-4f67-968a-b2b15ab5d1ae,95,2022-04-22,18,effort,47.67,2
9a916bb3-8d65-4c7e-8fb6-1eab51747e0d,8,2022-11-12,15,follow,16.61,5
04b29217-5004-4a38-bcf9-4c3d86c81314,48,2022-02-12,35,as,15.91,5
1369356e-ed07-4527-b8fe-1cda2b675c84,77,2020-02-19,30,life,23.24,3
90297522-47d8-4838-b761-144a36dd4119,31,2021-03-14,32,series,28.94,5
c01d5dd6-1c98-49fa-979b-c83734553a98,86,2021-04-01,11,four,26.84,3
2f3f75f1-93fb-44e5-93bf-d1ecb058a2f7,43,2022-04-15,15,organization,67.67,4
de9f60b0-71ef-47e8-aee3-5eeb14b50d47,21,2024-07-09,42,true,48.38,4
617ed8dd-7bfc-4814-8764-2aa8d6e412bb,11,2022-06-25,3,relate,83.49,2
0dba8945-dbb3-4302-8b17-2a2337438359,100,2023-06-01,26,stop,59.44,1
2d8fe388-47ac-4554-80e6-b524b137ca31,30,2023-04-16,15,grow,39.94,1
aeabd19e-e930-4272-8bdf-44d116a7f14e,36,2023-08-23,9,much,96.37,3
0b990dc7-a9a0-4189-9f6b-52589636dc06,22,2022-05-29,39,these,64.64,4
f15c7d83-5016-468a-b94b-d6387971fa3f,15,2024-06-17,22,why,56.13,3
3c50b76f-d36f-4145-b306-8a20ad3a1f62,7,2021-06-10,16,my,47.86,3
a2eb29ca-8baa-4113-87a4-9f2f6a36143f,66,2021-10-05,35,eat,23.91,3
124093c5-7585-4dad-ac78-1c1308823faf,6,2021-02-15,17,red,13.35,3
3c4b6894-f169-4e59-89b6-c27ae981032d,93,2023-07-09,47,rather,44.67,2
1b9ae670-bc5c-48ae-a93d-83af8d4b62af,83,2024-05-12,35,exist,88.77,1
287e3d0c-d929-4a85-a3df-c20c196a736d,98,2023-09-07,19,way,56.58,5
442a1190-cea8-4227-886b-f5882623d760,60,2022-02-08,5,sing,35.36,4
67e3e7dc-77b0-42a6-b0f1-bac3e5d29336,70,2022-12-10,38,several,26.55,3
d80af2cf-f43a-4b76-af26-b2a61566eef8,64,2022-08-01,39,money,46.48,2
242b546a-18e0-4aba-b56f-2f1883664704,100,2022-08-31,50,real,35.74,1
0e2db524-3cfb-4b4c-9b22-1cbcbf3019db,49,2021-04-09,9,day,88.42,5
0d664dc1-c710-4bc6-b370-dbc4155533e0,32,2024-05-08,5,usually,36.49,2
d8656816-525d-486f-ae41-564d5515dc95,16,2020-08-12,15,front,27.22,1
d5cf3a2c-afc6-4219-a01a-3f48cacf5941,16,2020-05-04,33,thing,44.9,4
cd08fd0e-1e52-4ff2-84d4-758245a5dc85,72,2024-01-29,21,there,58.88,5
60b6fab3-acdf-4986-b1ce-458bdbe86001,9,2023-02-15,26,here,59.67,2
1e29bbed-de63-41c3-a62e-3f7bc1657f15,61,2022-09-06,30,heavy,73.7,4
5f7d4781-15fa-4753-b8d0-d670ba12f54a,100,2020-11-26,10,stock,47.07,1
e4b202d7-5c60-48a9-8818-df8188fff896,68,2020-05-19,47,remain,25.0,3
d54b6054-435d-4902-8155-c075a859f81e,25,2022-12-27,2,of,77.21,2
ab752810-237d-440a-aa05-1275fb93245a,43,2020-03-16,19,far,22.53,2
4e28bf6a-32ad-4256-85a6-e939a159a8cf,81,2020-05-04,7,foreign,81.72,5
d57d880c-c334-462a-9197-bafaa402a55c,78,2020-10-03,11,customer,57.16,1
f8f12098-497d-4ecd-923d-23fd2a01d004,22,2021-09-12,14,per,16.04,5
62114f1d-f493-40ca-af9e-43bb3e6bc9dd,54,2021-12-03,12,defense,35.7,3
bb136d33-36f1-483b-94dd-b9db3c945e85,33,2020-08-23,42,parent,28.06,4
133191d1-5b8a-485b-8cee-d1ee37ee4aba,33,2020-11-07,14,to,23.19,2
f752b77e-a399-4576-bdca-8123ef3b31f2,39,2024-06-18,14,fine,74.04,5
683bbecd-4418-4b29-9597-cc12c7ae6ade,64,2023-04-02,12,catch,86.63,2
d1d5b6d6-aaaf-46a5-8d34-175f8383b06e,15,2021-04-20,39,term,60.0,4
4c036630-bbc9-4530-963d-83eb0801a983,38,2020-05-27,8,lawyer,85.75,3
c1034884-1c6c-420a-b4ae-0831d2e04b88,6,2023-06-13,28,south,58.45,2
65759689-3452-4b7d-91b4-9ebf65cb7279,64,2024-02-25,48,management,80.56,5
0e17dfb4-3dd8-425b-a608-9919d13540ef,14,2021-01-13,43,hand,25.77,3
f24a74cf-a247-438f-abfa-744083f21332,75,2022-10-18,32,heavy,92.93,2
a2d1ea89-59e4-4f13-9ae1-ed427c6cd560,100,2022-10-01,50,agree,56.13,2
79492ea4-1837-45cf-824a-eafff689c6e5,33,2023-05-24,43,writer,32.05,1
35c6d25a-3faf-4419-b912-39d53bf83311,44,2022-10-02,24,reflect,40.97,1
beacdf88-215a-4469-98c7-c98ed5e0dbea,89,2024-07-06,49,we,71.68,4
e711ee32-afd5-46ec-b810-781d1f3113e0,21,2021-08-08,32,huge,65.16,5
c8ee48d5-90b4-4186-b182-d1e42e484f0e,58,2023-08-17,1,house,24.62,5
261e8df1-5abd-40b6-bd1e-2c39efbbb9c4,93,2020-10-25,7,former,78.14,2
aa374e82-0f08-45fd-b88e-751c2aa14ee1,3,2020-04-30,41,yeah,78.05,5
68fc8c7c-29e4-4269-a16c-0aa0f3c36312,83,2024-03-12,27,girl,51.57,4
6eef11ab-523f-4b74-939e-1755bec7da8b,77,2020-08-25,17,wrong,53.55,5
08bfdb57-7d83-42f6-ba44-2f856f22a8ec,43,2020-05-04,9,back,68.28,2
273b8131-87b2-47e1-aeba-ac76b3bfbb0c,92,2022-01-29,39,week,72.48,3
a46d84c8-84bd-45a9-80a9-db767600a943,69,2021-09-12,22,matter,24.04,3
61a23467-1224-4fea-9e53-141f89266832,21,2023-11-16,50,line,25.48,5
ee1eac6c-f5e0-460d-a62d-0464b77e9b12,88,2023-08-26,46,dream,65.92,5
76311867-6702-4ca2-a0c9-b2730dbbc243,36,2024-04-29,5,quite,14.94,1
68372b5c-d846-48a2-995e-31069beeb023,72,2021-01-21,40,how,86.13,4
f160b54a-5be2-45d8-9b2b-97b10ce69bc5,96,2024-06-28,48,this,13.0,2
af5773c1-1325-4100-8679-99eb19c34a64,4,2021-03-12,29,shoulder,69.06,5
a9227567-2ded-4668-895c-76dbeebd92de,49,2021-08-21,20,expert,98.34,4
f5f0935e-2609-4348-b5b9-0659eeca0e78,58,2023-07-22,44,move,12.75,3
ecb0bd3e-06bc-433f-9ed4-02b4adc233d2,30,2023-01-07,8,writer,94.6,3
654b393f-6e87-45f4-87a6-ffd7fb179db1,87,2020-05-16,36,size,99.2,3
03da3555-9d6c-4f11-8f30-5d8cf07926cb,88,2021-11-15,7,positive,85.73,3
ac4e58de-02e6-49cb-a644-5e6cfb06ee76,1,2023-04-21,9,bag,30.82,4
3d2270cc-4d1f-4aff-817b-72741aae9c22,34,2021-04-23,18,I,21.75,5
5e602504-9aae-498e-bc01-8542697236ec,4,2021-03-10,33,difficult,54.4,5
973c2192-ec70-4fd1-9dd5-11cbb2ef43bd,83,2021-09-25,50,animal,35.73,1
9678a96e-6273-46ec-b41f-baf24a6c5ed3,92,2022-09-01,20,attorney,33.55,1
433f3349-cd3f-4526-81f9-5c4e0d1fcc17,95,2024-07-24,43,deal,38.69,4
d43647d1-c8b2-4db1-98e8-fddb3f5abdec,54,2023-01-14,48,choose,99.4,5
f92ff689-5e57-4e45-9998-3f9e98628049,83,2021-07-31,44,better,91.98,3
9738e21c-6e17-4f41-ace1-565fe2f7cea6,20,2024-03-15,1,moment,87.04,3
251b2406-8b7a-4c76-82cd-0d915ab9ad49,39,2021-08-12,16,none,47.43,3
045c72c4-1f91-4ee6-b3e5-1e290939692b,12,2022-05-15,49,process,85.07,3
ee66db31-b889-45d7-b2d0-ab58efdb1883,90,2022-07-10,38,fall,34.47,4
e77eba69-5fd0-42f2-8fd2-6c56ec0a519b,75,2020-11-09,45,laugh,79.95,3
fb1f0f94-ef26-44ae-9ef8-f7b407c020f3,21,2022-02-22,27,traditional,44.0,2
dbfed02c-69b0-4a16-802e-651a805f8168,83,2020-10-29,27,for,17.65,4
227daf43-f5ea-4909-bfcc-f38013575bf1,38,2020-02-15,23,above,87.6,4
911979c4-6d16-4161-885e-bf26c26dca5b,100,2020-12-25,47,company,94.68,3
9006b62f-6670-44e7-81d7-86ef567a9a92,63,2023-07-03,18,interesting,31.9,3
42e83600-e4ba-45c4-a58b-22b214d911e8,18,2024-04-16,35,center,33.9,5
934bfdfd-999a-4f98-84e4-56fcf011dd2e,12,2020-06-29,35,hard,98.2,2
76fd9c9d-d83a-40ff-801b-eb4e489a77eb,13,2020-01-16,7,politics,47.01,5
d59e2b3f-784c-4385-a7d6-cca3a2e1b86b,26,2020-06-28,49,find,68.3,4
e51fb7f8-bf50-4e8c-b6f0-64ab27270064,8,2020-07-03,1,more,49.26,3
fbc732f7-e914-4841-a5ca-1941fefb4c47,15,2023-01-10,50,apply,57.87,1
71f339ab-d360-409f-b5d9-c22df8181113,8,2020-07-29,46,language,39.61,5
7cd3986d-1243-4da2-b2e2-07473d42c408,5,2020-09-10,29,of,92.49,3
21d49787-cd96-475c-b0bd-d9a5c1a6e537,64,2024-03-08,12,edge,43.7,5
76b1d664-2147-4ec9-8aae-eeed4139df32,73,2020-12-16,30,family,36.51,3
5268d242-b3b4-420c-be32-689d4f40e4e8,64,2023-05-23,29,language,75.93,2
adcfa713-9f4b-48ac-a360-b75053303778,44,2022-04-27,41,movement,32.13,3
bdce7ec9-a07c-4af1-a697-4f469f257bae,97,2020-12-10,3,majority,68.03,4
ff2e8a82-5774-4f0c-9272-f4cd3a88a78f,76,2024-03-21,9,young,37.65,2
dcd81c09-f3a6-49d2-b896-71c31b8dbf2d,50,2021-11-25,32,project,26.53,3
cf393be4-3d57-424d-86ea-71cff884f1f1,54,2021-10-01,41,interest,16.39,3
102016bb-b997-47dc-836e-7adb6345f971,62,2023-06-26,33,use,43.76,1
0e17c5f6-372d-4d61-a410-fefee81a9b3c,37,2022-12-08,30,behind,26.6,1
f6f1ca1d-f8cc-4cb0-b050-b2c1c20ecd29,62,2020-11-29,14,management,79.23,4
68284037-e9b5-4b5c-bfa2-866a0c7dfc70,11,2023-11-27,32,themselves,46.66,2
049da65e-0488-4e35-9e55-46e0f0c36fa3,28,2021-11-28,7,truth,54.24,3
86d2b4d1-8eb6-4c94-9fc8-538a3b56b2b5,47,2022-05-10,3,area,84.86,2
cde2dcc1-9848-45c0-8443-58fed1754228,9,2023-07-16,27,claim,93.12,4
3123210a-83c5-47de-9b6a-f4823ef66fbd,33,2020-06-09,31,question,82.18,1
e8e46405-fc48-4f22-b079-fc3be2a702a1,12,2022-08-05,5,source,98.96,3
d5a6a2c1-dc69-4d3e-a483-e4de0cb07a82,49,2020-12-10,16,window,52.83,1
b50ab57a-a689-41b3-bbc0-96acd39f7c7e,81,2021-11-15,2,low,47.46,3
9dd21c2d-2302-4d76-a560-9db14b6a3573,11,2021-01-27,34,piece,74.62,3
fd1f4dbe-1186-4a3c-b5df-99f6caa1ab5c,41,2021-04-24,5,there,84.4,5
2475e58d-7ba0-41df-beb0-b0f79f591931,82,2022-01-03,39,born,18.42,5
3d594db6-0759-4d09-b04f-e80967e6179b,4,2023-10-25,49,wind,69.91,2
2ffe1490-eabf-4186-9beb-ac4bf84ed4ad,81,2021-10-26,36,even,23.08,4
d445ac09-5edf-41ef-9b26-76a7d8c77a72,84,2021-02-14,30,several,10.07,5
77088310-b6e5-403e-a2b0-dcfc14846328,99,2022-09-05,24,when,26.29,5
4687d8ca-9b2b-4e2e-ad46-b3ba9e315d11,62,2020-07-12,37,expect,88.53,1
942f863b-213f-4ec7-b1e5-c6f48f95a5a7,16,2024-05-28,38,ahead,60.28,3
94e6c67a-3629-43dd-a71b-78f5a562cf9b,26,2022-09-22,48,where,81.8,3
462f4266-051b-485e-892e-bf34f32999ce,73,2020-01-12,32,model,49.91,1
38088dc1-89d1-42af-8228-8a6f987172d0,30,2020-08-26,19,road,28.33,2
94606c76-fb34-41c6-afaf-ddbecddf64bb,38,2020-03-04,49,simple,42.29,2
9dcb164b-c8c8-4eac-953f-903674bd2a21,9,2020-04-02,19,painting,53.57,1
ea6cdcaf-03f2-4f79-a13f-0a65d0843279,31,2023-12-21,9,whether,43.38,1
489d2a44-fd45-435f-8dcf-ee433c934b3e,31,2020-02-25,22,argue,21.61,1
f5c3aa75-33bf-497f-b2d0-cf5d8df063bd,67,2021-06-08,9,general,58.92,5
ee6b8739-9040-4f86-b9af-67b2442dd7c9,26,2022-07-26,19,never,71.18,4
6de84b0d-57c7-4c7f-8bcd-ee359b4627ca,6,2023-05-31,37,sell,90.8,4
30deb83d-8567-48f9-9349-c71f875d38c4,72,2021-10-09,14,administration,87.45,1
e11c4f49-bd1c-4aed-a255-09c795a22b67,36,2020-01-02,48,out,93.1,1
3bb71b47-dd97-422c-8647-485e4a211a33,1,2022-07-06,17,growth,66.48,1
c17a38e2-aa2f-477c-a881-590cfd1e270d,40,2021-06-15,43,data,82.38,4
480b06aa-bb85-4b61-a9bb-4ed3fb1ac36e,66,2020-06-01,16,in,45.64,1
312cf697-c1dc-41af-832a-b420bb78a59e,1,2024-02-07,16,mouth,26.3,4
d0d44375-e0ee-4d0d-8e1d-54bd82284ea6,10,2023-03-26,27,option,41.61,4
179471f8-6720-46ac-9af3-fd9fecfc9825,10,2023-02-07,46,with,48.15,3
96ded043-bb11-4a79-8cbc-21fedd6400da,34,2023-06-26,47,dark,97.9,3
354aa887-6c46-48a7-9f27-3b3017a3f34e,1,2023-05-20,46,message,51.5,5
2337d4d9-2845-4e0a-87be-400264768d10,28,2024-04-27,43,resource,78.41,2
4e4429c4-bfd9-48dd-b807-ec82d425cf4d,50,2024-06-07,38,outside,32.82,1
24c91e15-6f92-4a08-9f22-aa493d72d410,95,2020-09-12,23,police,64.87,1
024dd350-fa49-4efd-83e2-42ae130caece,97,2021-01-09,37,sound,48.94,3
51c57cad-5b6d-4c70-aeda-6c8f6daa7350,91,2022-12-06,41,majority,99.49,2
d28269e0-b976-4355-bde9-d10f093f43b2,61,2021-05-05,4,material,25.22,5
29e44d19-2d86-4ff0-94c3-77c87bf6cc47,83,2021-10-29,45,maintain,39.37,4
ff315b0f-3442-4f1e-8634-1f3666f2e265,7,2023-10-04,30,kind,32.61,1
630b9b94-ceff-4f14-b501-7d30daebf3ad,80,2023-11-02,8,school,36.62,5
6b9df4b3-e966-4d66-8cc0-ac162f93246e,26,2023-02-27,37,firm,53.23,2
025dc77c-c8be-4aac-b509-38c03f2951e6,15,2023-08-10,15,their,56.99,3
0a0ebf59-4d5a-459a-92a0-1115e406a751,92,2023-08-04,16,a,73.57,1
ebb73c14-cc4e-4aa9-97bc-f96b6c2959f9,35,2023-03-02,34,throughout,53.21,5
b0148ae7-c2ca-419c-9d7c-dd9f62c67352,88,2021-02-11,38,nature,56.66,2
8ea3c556-c189-42ca-8b07-b27e20be979f,83,2024-04-16,50,but,96.48,5
030b86ee-6c07-47e8-a5af-209dba362e63,41,2021-01-23,37,surface,91.98,4
cbe05510-692c-4963-a766-1dc81f5781c9,1,2024-07-25,16,early,34.69,5
33396af0-b35f-4ea5-b89e-7162e455c7a4,81,2024-01-25,16,account,46.17,3
4a20011c-cc38-48a8-87a2-4f7c376067d1,28,2021-11-04,27,world,57.18,3
02f71c61-df73-4981-8977-0f41669eb0bc,47,2023-05-11,22,but,49.37,4
6a9da078-1c55-487b-aff5-c61aa30bc69a,39,2023-08-31,1,listen,70.85,3
858e57f2-2443-41b9-8ffd-8c118b08a1f6,22,2021-06-23,32,try,99.17,4
0c696679-4759-4159-a44c-cead099792a8,76,2024-02-20,34,similar,85.38,5
9f1b6c1f-7f2b-45c7-9d0a-e3df4a48304c,97,2023-08-11,37,break,60.96,5
e69289e2-a44d-4da0-a18c-b2f0a8e3be83,23,2022-10-23,33,owner,74.0,4
da6ba2d2-1df9-47a8-b634-f19297549f36,9,2022-09-23,46,system,55.34,3
5010746a-316a-49b1-a69d-824227225cb4,32,2020-04-03,17,kitchen,58.49,5
ab125a36-ca95-4a1f-b42c-6fcff94432fd,12,2022-06-15,38,why,32.17,1
113a4ace-b231-489c-af4a-3c8a01517500,20,2021-01-05,19,change,49.29,1
78526552-b461-4e65-97c3-722bc7261a01,66,2024-05-06,26,near,47.64,2
93cf1701-5e37-4d0f-9aad-3bf0f91a8aeb,33,2020-09-02,27,continue,25.78,5
75d7442c-dacd-4775-b8c8-45d10227f1e4,82,2023-11-22,7,green,41.27,3
b1958ba4-bcee-43ad-891a-4ae7348c2e73,67,2023-08-19,45,prepare,15.53,1
eb9c1fbd-0912-49cb-bac9-2b1aa7a7acf4,81,2021-09-22,1,property,50.82,3
9ab5ccd8-dc8a-4ff5-acb0-2e6364ab17bf,73,2021-12-06,45,condition,57.7,2
228b92d0-9369-463f-85ac-9eba20517351,80,2020-05-23,48,down,84.46,1
ecbb421b-fd80-4b76-a9f9-9d4baa29b220,55,2024-03-18,31,listen,76.48,1
393649bd-56c6-459d-a4e3-42dcea9ba147,18,2022-01-25,24,near,17.29,5
91d0861e-8626-43e2-b677-fcd498f026f6,60,2023-04-05,25,thus,94.65,5
7a15552e-f067-4829-b93c-a979d01c64d3,25,2020-12-26,49,product,19.69,3
e358eacc-0b14-434d-b260-33c57cfc8448,62,2021-04-10,38,very,38.35,1
3b0f34d6-a7eb-4cb7-9dce-c87524ff4e0c,6,2020-10-31,16,shoulder,49.18,2
93a5c02c-9e8f-4fdd-8053-f63b723a1bfd,16,2021-04-17,47,likely,57.97,4
62cf4937-ab91-47e8-b2c4-fb95c6fa4df4,1,2023-05-21,34,guess,58.5,5
26144920-83c5-4984-9749-bf35fa227000,55,2023-03-14,36,two,38.77,5
8d45ee08-cc34-408e-ac9b-f2031a3c6090,40,2023-03-02,3,walk,36.19,5
d289ff52-ea34-49e1-9fa8-01e403972b1a,8,2024-07-20,6,forget,78.74,4
505f8f81-60e2-43be-91ed-02acc98e2dc9,18,2023-07-29,10,it,59.99,5
fe5e64cc-1060-4f2d-ac8a-68c21db70400,76,2024-07-06,26,simple,78.35,4
b69b68bb-6d8d-444e-904b-ef0ea532c9e0,22,2021-07-12,19,compare,59.21,2
6842a762-469e-4187-84d5-360a3b4dd3de,42,2020-06-16,39,me,23.01,4
93f79333-2ede-4dbe-89e2-4b2fb59fc8a1,4,2020-02-07,6,can,96.64,2
01f52e19-a011-4e00-b1c7-5f676af498de,50,2022-02-23,21,discuss,46.42,5
ea92ea26-8849-43ca-aee7-06a76e2abe82,83,2020-02-19,35,approach,50.29,4
bfd4187a-70b6-4552-9a02-b72c4a68a7b4,5,2024-01-02,11,nor,67.27,2
08ceb30d-30e4-4e6e-aa90-656df2304fb4,35,2023-07-03,15,management,96.3,5
c27eccf5-e4e7-4eb4-ba2e-6fa2f96f462f,95,2022-01-29,3,phone,91.89,4
5be26008-2c02-4333-9491-1930b433ab77,80,2022-01-21,32,it,66.72,4
775d4af8-5e01-418b-a861-210659a6a0de,75,2020-01-19,42,heart,63.31,4
ec93d61e-9c10-45d8-b2d6-71710e333f32,84,2023-12-22,2,of,58.14,3
6283f61a-c7d3-402b-9f40-8ec623cf152d,63,2022-07-12,12,than,43.74,1
83a6e202-6f6c-469f-b190-70593d66fa7f,22,2021-12-13,48,ground,58.76,3
bdf7fa89-b1d8-4204-bb25-6444867a15ee,36,2021-10-15,14,plant,43.82,4
10c7367d-a0e7-4ee7-838c-9e674d81465a,86,2023-02-15,31,shake,90.07,5
6c249933-e3db-438e-a197-106ed47e5f9b,59,2023-10-10,23,gas,71.54,5
110f29f1-9446-40c9-a481-ce1dba89268d,15,2022-06-08,19,care,18.6,4
70212170-8693-4411-a99a-3551288d4df1,77,2023-02-14,12,style,43.08,5
3b36800f-25ac-4f88-b4c8-1bc57ba5bb7b,8,2020-12-18,14,rock,81.86,4
8e3ef24d-0d70-4b73-8c4c-b694ec10a67a,60,2023-05-27,8,news,82.19,5
4b8e33a1-9c72-4d13-ba99-8813c7e21fd9,56,2020-01-06,11,interesting,70.24,4
b9eba837-0664-4552-b362-e37c5180a347,3,2020-08-19,5,fight,94.79,3
1f979864-76a9-4c93-a6e9-b663ff518b27,84,2020-11-11,12,art,74.17,5
d6b4ef2e-8ecc-46aa-8967-c303bd452cd9,55,2021-10-10,35,main,71.87,1
273e8812-8b90-4f39-bc45-260858af0a13,45,2020-12-26,14,quality,89.57,3
c013fe3a-5c21-4897-8b8a-4b0903a51044,37,2020-08-22,34,parent,86.82,3
a9e8206b-05fe-42e2-aff6-7482115c1bf7,3,2023-07-26,2,travel,27.09,5
36634b38-d1c3-41a6-a0e1-7cc187eb10d5,64,2020-01-06,2,whole,70.26,3
599dff36-cec7-4f39-9652-25fad172dafd,45,2024-03-10,21,clear,22.19,5
24136851-2414-4005-bd25-e20532765b28,82,2020-03-07,29,stop,45.47,5
926e8aff-fc5d-4dfd-a38c-786db03ea171,60,2024-03-31,19,card,95.21,2
5bf81a6f-f827-4ca6-8cdf-a35033b16fa7,96,2021-11-11,2,blue,38.2,1
2d02d438-b700-4ade-a7a1-21fe6d91739e,46,2020-05-24,15,police,89.76,4
c560fc69-466a-483d-b854-16fa8bb45505,18,2020-05-25,30,ground,88.66,1
3ed4ec08-a122-46e4-b46b-f02d976feae2,25,2022-10-13,24,pick,87.54,3
76f59eea-8d1f-4ffb-a151-463c3fd945da,40,2020-05-01,10,budget,13.13,4
ad0a36ae-682e-46ac-b997-c41ae3dd9970,36,2020-01-02,38,conference,18.69,2
3dbcdd23-c2ef-44cc-96fe-55faf841cf71,17,2020-05-09,11,effect,61.55,1
bef15e05-f73e-4b37-80a7-4c963147bb12,97,2022-11-07,18,upon,80.1,2
2e094fba-a1f6-4803-baac-98aa2da66d3a,93,2022-09-20,42,quality,63.93,3
5e304d5c-47c0-42d0-81ec-014cf1e83427,56,2021-05-27,44,arm,79.31,4
802b7fe5-76d3-4ace-9d17-4ae17f6d0849,50,2020-07-11,37,speak,39.14,5
95ce92c4-112d-4dd7-bd02-b58ad994ed3b,75,2021-12-20,40,site,63.83,2
2f517f84-e946-4843-877c-b272d16216e1,70,2022-11-08,36,condition,47.73,1
aebf540b-c500-4021-bc64-96fc79888ba1,82,2021-10-01,3,popular,78.72,5
63486859-a954-41fe-bfd0-89928c77dae1,7,2020-02-13,47,ten,50.64,3
a6ced418-751c-460d-8356-fccd68ec5ebe,69,2023-10-16,34,her,34.43,4
15cc7896-7ca9-4661-85fb-59f3d43809b9,10,2022-11-18,39,when,95.85,1
6b5445cf-527b-406a-ad35-0c3c357f8db2,31,2020-06-10,43,position,88.32,1
2ba40b1c-d6e9-41ee-bb64-4acff5c81de5,23,2024-05-10,3,inside,56.57,3
87e3e25d-9f47-4383-b56e-5211246410fb,14,2022-05-08,10,ball,63.37,2
f95ac8cb-48cf-4c6a-9326-5f30ffbf3123,7,2021-07-13,9,bad,29.44,2
d9c033c9-33cd-4c48-adcf-cb79fe9d32ab,24,2023-11-26,19,ask,41.15,5
603c3a10-fdcc-4f72-b485-e99a24b380e4,86,2023-11-22,27,maybe,60.39,5
d32933bf-495f-47c2-88f2-8752bf29d3a6,41,2021-01-30,35,no,37.62,4
a9e119e0-4b80-46a0-ace1-a95bb945b484,75,2023-11-21,20,window,20.85,1
f021ae6e-9776-4905-a1c3-f34766bb7e97,26,2023-01-28,3,today,79.87,2
8b52ce75-d610-42fb-9644-215fbe56baad,14,2022-01-06,47,address,61.59,3
69b1c085-2997-40fb-bc51-2f2d134353d0,95,2023-06-04,6,part,15.88,3
cac8df26-97d4-440b-a206-259d69631403,70,2022-09-15,45,institution,86.37,2
982161d5-d2af-4f2b-a61e-48cfb6fcc443,83,2023-03-05,4,network,26.86,4
e15a24eb-9aa2-4146-b92e-55eadbe58166,67,2022-11-08,27,read,79.87,1
21e1ecb3-f591-44db-97ec-5ebb75376e6c,78,2022-06-02,32,analysis,52.0,3
881067a6-e2cd-4dd0-b6b3-af0c1023e870,22,2022-03-05,36,picture,62.51,2
88ae0937-a7ce-4a34-8153-36f1d1bb312f,78,2021-04-07,24,political,92.08,2
8bea87a5-7546-46b7-93a2-c7cf2031726b,38,2020-06-22,8,institution,18.59,5
8491854a-2a14-4476-bb04-7a4623991682,93,2022-01-13,18,difficult,91.43,1
fc263eca-f6ef-4518-83c2-dff973f35c38,30,2023-11-28,23,TV,87.79,4
f7a3de9b-42f3-44b6-bcaa-5b69be9b5c84,50,2021-04-24,24,way,26.92,2
59b87120-3e59-4ba4-aaf5-033146b72fba,88,2024-03-23,10,candidate,86.89,5
7b83739a-59ec-43d1-9081-3bc3332e5a07,16,2021-08-06,3,everything,62.24,2
5d7f3beb-0a22-4a71-83f4-d46883a35b96,2,2021-03-25,50,process,56.75,1
953eab1a-13fc-4537-972e-2d6f37f8de80,24,2024-02-21,24,act,64.83,1
c4f193a7-0b60-44f6-b81e-8eb64ad4edb6,18,2023-06-08,35,message,75.23,1
bbe3c327-b7ed-43eb-bb08-29205904a113,34,2020-08-11,25,project,41.36,3
0623c9a1-4853-4ec8-b33b-f37c2eddec12,95,2023-03-17,25,join,22.64,5
510c4f27-6eea-4ce5-be4f-7bae54c203c8,30,2022-08-04,3,west,32.02,2
670a2038-2f32-4fdb-8000-f247515ec3cc,68,2024-04-15,17,of,97.39,5
a11e2d4e-bd03-45a8-9d87-b9b852456c48,72,2020-04-08,40,computer,24.64,3
3582885b-e1ac-42d6-a7ed-f2aced1183d4,48,2020-11-30,3,building,41.67,3
b59e2eee-a017-4587-946b-a2581441f727,39,2023-07-05,34,while,25.64,3
9ad2bb8f-25b2-41c1-924b-02e038012cdd,2,2020-12-19,28,maybe,37.98,4
8f627fd0-16a8-48aa-92dc-defc85f1918f,4,2023-06-09,34,common,13.14,3
ef3ecced-b6e4-4f24-8082-41d8d8bc70e7,44,2020-02-03,47,appear,80.69,2
68c299d6-52b9-49e7-bae2-0c6da18502b0,91,2024-04-08,23,word,72.05,5
7cdc9b23-4134-4569-84d9-28ccab3b5615,42,2023-06-28,18,whole,39.32,2
4cc028a6-c1a8-4ca7-9aac-71a634c4347b,15,2022-03-01,16,billion,63.92,2
a404d9c8-79f5-4178-a416-9104d4525c8a,53,2024-01-10,9,interview,76.92,3
3e80fc3c-d256-48b2-b083-ab4ae5bfba77,67,2022-04-19,23,alone,11.85,2
11f2a972-4b46-4c88-841b-6ffc6f2992a7,67,2020-01-19,48,amount,56.87,5
c1702562-250b-4944-8cba-75cce0b923e2,47,2022-03-10,20,catch,13.62,1
9d9f7a67-cdad-440a-b38e-84c902d7b637,79,2022-06-07,6,popular,77.43,5
ea483d98-3661-459c-b355-0eeb390ee9be,53,2020-07-08,37,floor,15.7,2
5c16030d-cb16-4bd8-97df-0ed719c67696,12,2023-03-24,4,scientist,30.86,5
2686b84a-b1e4-44f7-802b-b7fc2419bdbe,96,2020-10-20,49,wrong,81.96,4
52d116aa-060e-46ab-aad6-c94fa551780e,27,2024-05-06,30,best,38.38,3
fa8f0bfe-94b8-44ed-9179-842ed396904e,88,2023-08-25,29,woman,21.37,5
b56f1c0e-a428-4c16-997e-0ce685c645a9,50,2022-08-10,17,result,95.67,3
d27db215-88fc-47d7-baa2-66cec5ee4dbf,3,2022-04-29,42,successful,58.67,4
d8b8dd7b-867a-4135-bff9-c9cf47d26e19,20,2020-09-02,44,marriage,40.42,1
ee87b8b6-f7cc-45b4-a619-4de6482d6930,38,2023-05-10,27,police,75.87,1
2ee1e7e4-6795-415c-9565-1bb127040f3a,67,2022-04-20,18,thing,77.32,4
4b74bd07-fcd9-47d3-ad8e-34241f02261a,18,2024-06-20,44,light,98.19,5
24bdf5dc-9723-468a-8c39-1216b8040504,79,2023-07-13,1,character,99.92,3
4a3a1c2b-3c94-48c7-8695-13157df73fe8,82,2020-09-08,25,leader,19.75,1
0c47241c-51be-4c8f-9ad6-dd5f14470f48,94,2021-09-09,36,night,34.14,1
c0e6429d-2f1b-48d0-9f07-c7ce1dce0410,81,2023-12-19,6,American,72.2,5
f90109e7-7c50-42f2-9b11-4c5bde08017e,88,2023-06-06,37,the,52.34,4
ca97030f-30f0-4782-b46b-b01602f59ac5,72,2021-08-20,24,dream,56.86,5
660ee40d-fdf5-4897-8922-be4c87431a13,29,2021-02-26,25,degree,85.44,1
e9b52bd5-22d5-46c2-99b1-0f9a853e0416,77,2020-05-01,12,either,95.49,5
976742b2-9673-46ce-aba3-eae8fc13e5b6,47,2021-08-20,19,lot,98.78,2
498c3087-81ad-481a-acb1-d1e8cda59639,43,2021-05-27,10,throw,62.16,4
bdb193f8-b554-41ca-9231-be5c700e4248,35,2021-12-03,3,last,83.48,5
1adbd6fd-b4b2-432c-b57f-a7ee74a7df33,45,2021-06-29,48,couple,62.11,1
c258c988-f0d1-42f6-9112-984f1ecd8bb2,31,2024-07-01,3,pull,94.02,5
81ecbad8-95a6-4f9e-97b2-2a4d970d26cc,98,2024-05-01,33,share,70.07,3
1bdf3f09-1bc8-4f53-9e8d-5deb9475735d,52,2021-03-10,22,education,92.45,2
495fdccf-538b-4232-b9be-b3e7c75b2de9,1,2023-09-03,31,culture,17.68,1
53b295a5-cc96-48d2-94c7-599afa39328c,23,2021-05-06,30,song,69.05,3
f5721bc5-bddd-446d-86de-108a3c981daf,50,2021-03-15,38,risk,81.5,5
1d4c918a-30ad-4c81-ac8d-34f9f81dd53d,42,2020-11-15,7,sit,19.19,5
c0003d23-cbc6-4db8-b668-9d015d82353c,78,2021-02-15,31,big,19.33,4
dfc7842d-9241-4b0a-bc8a-5045932b7605,61,2022-11-18,22,pass,70.63,3
d3b687c2-7eef-40e7-9c03-8f536f06aa2a,52,2021-01-06,39,player,81.05,4
580e1859-5819-4cf6-99b4-fe34f0dc4a3e,24,2023-01-09,4,tough,71.2,1
4c827389-ebeb-4393-a5d0-8a6159c1ec72,85,2023-04-03,13,election,22.84,1
e40a4ee6-a315-4859-b695-3e389728bd1a,4,2020-09-21,5,list,45.07,1
69b21034-5404-46bd-8ab9-c643b9cea9d8,37,2024-07-22,29,control,65.59,1
2a85d14d-3742-49f4-9d96-b2635d4d39a8,84,2022-12-10,18,eat,76.83,3
b426898f-1d5d-4129-a07e-a277150ecafc,50,2023-04-25,11,give,41.64,1
e13d9a5b-0e4b-47ee-9038-51ce871f9ae5,81,2022-07-14,39,nation,99.08,1
38c66f77-4c21-444c-92ca-0d855f4e8bae,47,2024-06-02,4,evening,31.34,3
d4581892-ea55-4846-b538-a56d23951523,88,2022-09-20,7,air,23.78,1
8c676123-8ef0-4bf6-9906-328b2fa03c84,16,2024-05-22,2,range,99.1,3
bb30f3b8-ae29-49c3-b60f-a163a9393672,51,2022-08-14,39,success,32.63,4
f34d9df2-2e78-4286-86a9-87e9e367c9ea,47,2023-08-24,31,prevent,14.39,2
732c6aa9-9985-4091-99f6-463e106b4135,82,2024-06-11,3,difficult,92.75,4
febbcaf5-f728-4d54-a9ad-fba5515d6714,62,2022-07-29,32,PM,50.49,1
5345209e-22a8-4702-bcb7-8caf657c3a4d,91,2024-04-30,35,establish,24.3,5
bce052aa-fabc-4fa0-ac09-28d11edea49b,13,2021-12-08,17,with,22.71,2
a2874dd1-75bf-46f3-8f94-fa4e997c9aa4,71,2022-11-18,5,home,92.66,1
b38af17d-9ee8-475e-bc1e-4f584696e6be,17,2020-05-29,38,move,15.1,3
600a3165-431a-4a8a-bd0d-9405d465dcce,92,2020-12-08,46,hospital,43.01,4
a0b79bd0-6fa4-4191-ae98-48fcfb53af6e,9,2023-03-16,32,entire,29.47,4
769d5ce9-9f97-4885-b73a-7555ef182c48,71,2020-06-27,37,agree,97.58,5
9c27d9f7-7115-4917-807e-851773e07c19,73,2023-06-21,19,it,79.43,2
376c7400-cd3f-4eb5-a62e-1c001702cc85,4,2023-08-05,37,family,55.55,2
145848db-0a87-47eb-a9e9-9efdb992984d,25,2023-05-19,5,rate,66.18,5
ba6170da-2283-4c88-9a46-0a633e95ef4c,21,2021-05-14,12,determine,28.68,5
d9aa8596-98d8-4bfc-9a52-a5465d13fbbf,98,2023-12-23,18,describe,89.0,3
8a9db07b-36b5-4554-a8be-2612c8cc7176,47,2021-06-17,17,fly,10.29,5
99259f94-45ca-44c9-854c-977a873847e6,61,2021-03-21,7,discover,91.75,2
d2fb3733-7ccd-4396-87ab-289f3fecb50c,53,2022-05-31,3,store,16.42,3
5f3b46b5-4508-4d15-9d25-5b5f847a6045,64,2024-05-21,43,shake,48.21,2
e05dcbe5-3c0b-45ac-8f64-fba21cd0ebeb,47,2021-01-25,32,great,27.0,5
4e373239-4ce7-4aeb-89bf-7c12b16372e7,99,2022-04-16,3,job,76.56,5
609548f4-ad48-4a7c-9f23-ef9f742ea734,25,2020-02-20,46,open,90.0,5
b100746b-45c3-474b-b452-6ee9a6c4bb7b,23,2023-08-25,1,station,70.25,2
20b131ad-1d85-4689-b0e0-f6df082f3c0e,11,2024-06-12,5,usually,17.6,3
1d35e186-eda3-4a13-ba13-c92a648dcb34,96,2023-10-12,29,industry,63.48,3
92435b55-012e-41a0-b728-ab576292e68b,98,2021-12-04,18,able,38.17,4
61eeba22-ca5a-45cd-90b9-10257b3b4fc9,78,2023-05-07,3,gun,19.31,3
77720194-222b-4c9b-9f4e-f30a0c0f7e91,27,2021-09-20,5,nation,32.52,2
f5e3f19b-025c-4048-ad87-f65e80c92cee,57,2020-07-14,23,night,63.7,3
daadbeb7-1778-4623-ba0f-2bb1921c4984,98,2020-09-30,49,you,16.35,3
45b11a13-922e-4651-987f-78d2fa7d0030,41,2022-09-16,26,because,55.95,3
f1ce009b-543a-4f6b-944e-5b028b761220,53,2023-09-15,48,whatever,20.2,5
a4835f01-9864-48c7-83fe-740f8b6ce985,51,2024-05-06,4,nation,64.27,4
e5928132-e8f2-4f22-800f-8bcba48f9aa8,49,2023-04-16,20,however,38.24,4
baa42db8-5dc4-468a-a9fa-d80e29ece6e9,13,2023-10-20,3,trial,36.06,3
07da2020-68ad-47fd-b5d9-b2cacc6e2d6f,27,2022-08-03,12,institution,41.8,5
d0b03503-b029-4f4d-8076-683344e0e6a4,16,2022-04-27,44,heart,69.23,3
68642f59-a56d-440d-a462-7475c0a065d2,41,2020-01-12,44,rest,18.63,2
65abc323-9a9e-48b8-8066-2209181bb7bc,75,2024-06-07,30,option,50.25,3
b8c5c82a-9917-45f5-afc7-adbf824e5b51,18,2020-07-16,7,collection,93.85,5
c2bec53c-55bd-4407-a8e3-90413986a4d0,54,2022-12-14,22,member,13.84,2
7b66e613-3236-4872-8010-3cf2387bfcb8,62,2022-03-27,45,what,37.79,4
2310cb5c-5a9a-4ab6-8442-602f19ffb209,26,2022-08-03,13,determine,98.06,5
046d0481-d397-410e-be94-6e2080b0f9d3,21,2022-11-04,29,give,15.15,3
7af52e40-34dd-4b45-9d19-063bcd2941a8,65,2022-10-14,12,pass,48.54,1
e4dffda7-99df-4a8e-8e1f-a39da1ab1145,91,2024-01-20,5,range,55.59,5
e5ed322e-a773-4387-86d4-e28257175aaa,81,2022-03-31,45,team,19.8,1
e403dec0-c113-4bbd-a7df-aff5f20bf4e2,18,2024-03-25,35,director,20.4,3
6ddf2f0f-fce2-4834-a563-52c954e2fa5b,88,2023-11-27,8,its,28.58,5
5422f585-f3a9-4611-9093-b65175879363,23,2020-08-14,16,machine,84.82,3
0701da53-7311-491a-891c-ff965ca656a1,65,2022-01-21,38,student,83.79,4
b1b11fb3-d8fc-40b1-af97-750cd1e84fe1,89,2024-06-13,38,area,89.38,3
c02b3aca-3395-4804-bc86-d5525c382e0c,86,2021-08-11,44,face,47.89,1
351b4e15-41c7-4ea6-86f7-bbea61832ce0,65,2022-11-19,43,campaign,43.2,5
745f866d-4db0-473f-a277-5c18d275e2ac,35,2020-01-18,37,Congress,55.25,4
49014a36-8c68-454b-8bd0-71e06db4a893,71,2023-12-02,5,yet,72.99,2
bb6f5f18-1306-4e43-bc6a-a789912b6855,71,2020-11-02,2,its,55.96,5
3f38e180-71aa-456d-82ea-2e59a657beb4,75,2022-10-13,5,role,86.02,1
aedd8a54-6dff-4cc8-8039-34cbeacd2426,87,2024-03-15,43,structure,88.55,4
7b08d9f7-baa3-45ef-85a1-1900875c7e10,70,2020-10-28,42,imagine,83.12,2
021c4ce2-f173-417b-93c7-6f80ed1cdd9e,54,2020-06-16,2,allow,32.92,1
b65e7c0a-ec91-45c8-9abe-edd4cc29df0b,51,2023-12-04,37,plan,72.6,1
5914290b-bb3a-48ec-922e-f6d929c7a63f,27,2020-08-05,12,threat,37.87,3
54e9e6cc-1aa9-4054-8f10-73e00536accd,25,2020-10-29,42,since,99.2,5
3078c913-1df6-48c8-b915-79b0433cae3b,36,2022-03-08,37,activity,85.86,2
76c8fc77-b6fc-438e-8474-0670158ed9c3,99,2020-07-02,24,relationship,72.44,2
ba0488b2-da20-41d3-b6e4-aab5f7272f5e,87,2021-01-16,27,chance,12.55,3
bfabead0-e4f2-4070-bf2b-06fdfc302f02,61,2020-11-19,36,candidate,95.07,4
f1844a8a-6798-4b30-b0af-16ab053f3675,67,2024-03-13,3,knowledge,99.17,3
fe427e41-78a7-4e5e-9951-d97daf9165a1,84,2023-08-10,4,sign,46.13,3
397f54c2-b196-4ffc-8453-e6dc0f2b781d,13,2023-07-11,43,should,68.1,4
aa167b0f-c00d-48b8-87ae-8a0428e8251d,22,2023-11-13,50,no,15.37,1
6df3c9b0-fdce-467a-95a0-cc456c3e1afe,15,2022-09-06,26,nation,13.86,2
08d48abd-dff1-4fa7-aa1c-377c9b5a4e62,47,2024-01-07,45,born,11.33,1
10df9d46-efe5-43c7-8750-afb2a0a4f722,19,2023-11-30,44,manage,61.24,4
2a9eeced-66ff-4508-ace0-054f7b25b32e,97,2022-10-10,39,other,20.06,5
e67bb4f4-5024-4748-94a9-90a160fd9d56,19,2020-09-23,38,say,89.44,2
25808d96-9404-4aa5-a235-72690aec6f21,36,2021-08-11,25,policy,74.8,2
723ce8e1-a6c8-491e-aa74-0b7cba1f428c,92,2020-03-30,43,city,90.77,4
dac9d400-97f4-4b55-b04c-1f577c49ca28,53,2022-06-03,6,natural,38.37,1
5bad8fba-4794-4eca-8c48-8f3ad1779e1e,28,2024-05-14,9,whatever,47.76,2
5b16ec73-a93f-4f9a-a5bc-972afea178df,76,2020-08-10,7,popular,24.93,2
d9035832-ad7c-4376-a92e-e7f6f6ccfe8e,46,2020-03-15,9,writer,50.08,1
f4dd670c-3919-4307-9c54-423f41e7006b,6,2024-05-16,50,course,18.75,3
4192984b-e035-4182-a4ba-985529d1b9f6,97,2023-03-18,30,already,40.23,5
b24402e9-c1eb-4bf6-baab-cf4f8a282aaf,38,2022-02-10,23,collection,48.93,4
5f2db806-df8c-4448-a48b-042f0ef4350c,95,2020-08-10,7,Democrat,70.19,5
eae3fb54-864a-4acc-b18b-5229cda3a728,8,2024-07-29,20,entire,71.24,3
a4e058ad-446c-45c3-822c-fd228644b828,80,2021-03-13,40,follow,61.24,1
0f267f6d-fb06-4ac7-a7b3-0ce2a72075b7,94,2023-07-02,42,even,46.31,5
647dc0fb-921a-43a4-b64c-aad803b2995c,84,2024-01-06,48,husband,92.15,1
0078ff1c-e03b-450c-aaf4-36330b826ad3,45,2021-10-15,29,Mr,77.33,2
f57700c9-c5f2-42c0-814b-956000f5bad3,40,2023-07-13,17,outside,45.48,2
09465882-0713-402f-9a47-e20807fd05c9,94,2020-05-09,6,project,16.13,5
4cfbcd5f-0342-46bf-a695-27fb7309ff97,58,2020-10-06,11,per,96.28,3
a79b6558-7410-4b19-82bf-48977c3d8e46,14,2023-06-25,28,seem,37.65,2
9d6a77af-90c7-43d1-9bb7-433256653c89,58,2020-02-11,10,fund,61.75,4
c46f6b91-81cd-459d-b046-47fb401507d6,38,2022-08-05,39,pay,13.05,3
366941a4-f7ee-42bc-b80d-5f88a9c208e3,70,2021-03-30,34,direction,79.48,1
40f51d19-e2b2-4020-8dfc-1a38e1441c4c,36,2022-12-13,23,information,60.83,4
060cf74f-e80a-4e1c-a15e-03fd5ade095a,48,2023-01-15,41,character,87.76,3
1f802f3f-7bf5-4914-8c30-5521b46f5696,81,2024-07-17,21,order,64.06,2
4bf69bbf-65f4-43e9-930e-2bf392842417,20,2020-06-04,11,serve,59.54,2
4e708f9d-2982-4224-8093-6b38d1ae7ee9,85,2021-11-25,25,share,83.16,1
391e9ec0-beb3-401f-8855-370868947544,94,2020-04-30,10,director,50.04,5
18a7c40e-b80b-4839-a569-adc419ee48de,8,2020-04-12,2,movement,22.49,5
b6ffe831-61a2-45e7-adf1-bbe8d75b382c,21,2020-01-22,24,market,64.54,1
4393eef3-1313-4773-8d4f-d506bba5a778,34,2024-05-08,20,play,19.47,3
03978411-3d63-4500-87a3-25fc3e3ee253,44,2021-12-27,19,material,41.32,3
ede4f31f-3039-41c9-a307-ca059a655f17,4,2022-10-05,40,office,65.58,4
58c63bc1-d879-471b-9bab-61be5ad5525a,65,2024-06-06,41,contain,28.06,3
d7aea8ab-f495-4d96-bae1-fc52e6cdecea,83,2022-10-22,11,method,10.61,5
72aea44e-b1f2-4246-8a5b-41c5d6a81768,1,2021-02-04,36,election,49.43,1
d7d081c0-93ec-4f3c-9f32-b480870f64c0,40,2020-11-25,41,evening,65.27,3
2fa63c18-58b3-4857-8ca4-02a022bd5d7e,86,2024-07-19,36,theory,78.89,4
705f1945-2e6f-4bbe-8658-6db5839e215f,13,2020-05-10,2,space,59.69,2
f95bdee3-9e4d-4a01-988f-1545c7a638f0,92,2022-10-10,8,message,38.44,4
c4ea0710-6f3e-4a40-945a-27bf98de545a,14,2021-12-26,8,record,10.96,1
7a9dd45f-9d30-4514-88df-262feea30829,69,2023-12-14,33,kitchen,64.05,2
18667ac4-c06f-4fbf-8350-2b2ae1fe3d75,46,2023-07-25,5,with,22.73,2
08d2a37d-3ec8-4d46-85ab-273ea604db95,77,2020-11-24,30,response,24.55,2
d764585d-e537-4f6e-8185-b281840a14ca,14,2021-10-15,36,difficult,75.43,5
47367798-cab3-454d-8fbb-d8ed9c685614,89,2022-05-20,1,benefit,69.22,5
33f95cb3-d293-4567-a961-bc2231fc6fff,15,2023-08-20,42,huge,92.44,3
6a1d4998-3182-4201-b57f-422b77c27cd6,4,2023-07-29,4,world,76.55,1
18ae311f-0f3e-47e2-85ed-27dd7699e71a,80,2021-02-05,49,its,49.18,1
4f8d9b03-8790-4067-9ddf-8b0b70acc78c,54,2023-10-07,22,method,85.31,1
b2bcd2b4-3996-46eb-806a-e1b9b133ae42,44,2023-09-17,48,suggest,97.3,3
4c75dfcd-093a-46d8-869d-940ac3382ca7,25,2021-09-24,4,house,35.43,1
43c6cbe0-773f-4044-b174-9e21060d4ae5,25,2020-09-02,21,town,57.84,4
1d63198a-f4ad-4436-b843-29f9d7b3f16c,59,2023-08-18,31,agree,95.07,5
fedb14f9-f9ac-4c6f-b29f-1cf920315e6a,52,2020-09-19,23,remain,15.99,5
05309bc0-25f6-420c-aa1f-4648f1bbfe7b,80,2020-09-20,44,player,20.86,4
e643b187-e5b4-4f4d-83e1-383680af5cc8,28,2023-12-09,36,system,52.72,1
1dd45877-2505-4552-a550-b4b9b20c8f7f,15,2022-06-23,38,town,57.59,4
ef01dbf4-3d67-4238-b955-0c51e8076525,62,2021-06-20,4,weight,46.57,2
aecaef98-9c7d-403c-ad67-300318a897b7,68,2023-10-29,29,maybe,86.89,3
73442d30-0922-4f2f-a75a-ba690e83efe5,90,2020-05-26,15,south,75.48,3
76058d74-d0a8-4899-acd1-b4c026f1b13d,29,2023-05-23,22,war,92.01,5
4a830bb6-27fd-4220-9757-f88e58bf4507,3,2022-09-19,4,ahead,43.73,3
903efbd9-3b5f-46a9-8881-866c63a6081d,42,2020-06-22,24,together,23.41,3
a76425d2-7faf-4da1-9c84-eb32858a5b74,4,2023-02-27,19,society,25.27,4
8a98acb0-311e-4c6e-bf1d-46e6904c5c32,48,2024-02-04,15,morning,80.23,1
cee8a7cf-d45b-4635-9275-013263057bbf,19,2022-06-13,8,house,19.34,3
722a9e77-955e-41a5-8a92-e354347c93bd,35,2024-07-26,13,ten,26.44,4
c4b290d2-7fb6-489c-a546-fcf157d0a031,70,2021-03-24,27,wear,17.62,4
d738d416-a2d7-4c05-8cf6-2e868b6e031f,99,2020-11-01,49,business,67.86,3
cd328523-0e46-4dce-b122-d36d11236f8d,72,2024-01-19,38,medical,19.89,1
a93d1b1c-44b8-4a49-8693-ed312eb9ec16,65,2023-07-03,35,think,17.44,4
1032ff6c-cd36-4a2f-a25d-a5704a69a4ab,97,2021-09-04,40,understand,77.05,5
a0fb8b33-7013-405d-ad47-314c71d29dd9,66,2021-02-11,48,science,21.53,5
f0ba0b50-f548-4739-ad5d-b74fd236bd7a,78,2021-10-04,39,that,78.52,5
b9d4f806-20be-40fb-aa31-be33ca92e68e,71,2021-11-02,39,three,93.48,1
f6c468d4-26e2-4bc6-8e0e-1c83c051391a,16,2020-04-14,6,almost,60.69,3
07ce7537-bc17-4d5b-86cf-e0f818a2826e,98,2023-04-12,20,practice,56.84,2
fb138e80-2a51-4059-957d-0e355990919f,70,2023-08-11,27,college,23.03,2
f72ae970-8063-45ec-9db0-1f6cfa4f117c,80,2020-06-17,17,consumer,35.92,3
f9818c8c-28c2-4f4d-9b5b-78f90e6d30d0,64,2020-06-19,19,join,28.15,4
23e9880c-6da6-4892-ada3-4407c6381b8d,32,2022-10-26,49,turn,63.53,4
dcffb062-f00d-4ea6-92a2-e9e8061a5abe,58,2022-06-09,1,same,14.13,4
a56c0487-13f1-47fd-8232-e4c600f3a609,8,2021-06-26,41,whether,14.19,5
38d68a94-9dc1-494f-a1c3-270d945ad157,16,2023-02-26,16,character,66.85,2
0b3eae1e-dd22-4b29-bf66-e090733440f5,83,2020-05-14,21,newspaper,41.4,1
e1d815ba-a321-4035-a80b-e6e22d8bf29c,42,2021-05-15,16,everyone,77.27,1
025c5245-214d-42fa-8940-4592055f8a2f,67,2023-01-15,42,dinner,12.22,2
cf32b73b-0680-4473-bead-cf0ae857f3c5,77,2022-08-03,15,mouth,19.3,2
a8f77b30-2030-4295-a1d7-bb9ba30f2dca,43,2023-04-27,49,resource,37.59,2
4d23600c-f406-48dc-8d30-4834f85c1346,50,2024-01-25,15,chance,52.14,3
4ffad908-e3b9-4208-812e-02ddd8cbda12,24,2021-12-30,31,already,63.11,3
53cf6e04-20c4-4f75-bb03-3aeeb519a1a5,32,2020-03-21,41,case,99.71,4
edda3e45-700f-4980-9955-96bedacf9896,99,2023-10-26,36,family,92.03,5
99121ce8-ca62-4c4e-a670-f292936c0e0c,61,2021-11-07,33,someone,52.31,1
d8177fa7-7355-4560-85e9-7a0b74c63a46,61,2022-01-28,43,talk,60.37,2
772f3bcb-c918-473c-a828-088a56cdc72f,51,2024-01-31,16,agree,95.63,4
b2947c8b-6c2c-4c15-90f5-b659120070eb,42,2022-02-22,14,administration,35.07,5
6bb0bd79-3bf7-417c-97c6-2b7e7a94af09,79,2022-12-22,8,single,78.74,1
d1ecb6b0-385f-4a59-a845-58959a088f02,80,2024-04-15,29,whether,42.87,3
59305a61-31ac-410a-a39a-564c33ddd348,34,2022-01-14,50,soon,34.75,2
50e4db75-dba6-4fb8-8212-897a988e2d34,33,2022-05-15,13,election,79.36,4
6e486190-d6db-4a2a-88d6-2869ac908c94,86,2020-02-04,5,billion,33.07,5
1a603169-f933-4da4-ab11-a2330736c0a9,33,2024-07-17,8,campaign,90.52,3
015ae6e0-148f-489e-89dd-342355e62403,32,2023-01-19,32,ahead,65.64,5
584d17fd-f8e5-4c61-8ff7-a0bd987e4735,85,2020-03-21,16,poor,13.32,2
03ffe4d6-eeb6-4d69-aa86-0023be732885,11,2020-11-11,37,boy,88.82,2
f4747735-9397-444f-8442-7178e14e4aaf,80,2023-11-27,9,paper,75.17,4
b050f1e5-9e93-4f33-890c-a7227c5e74a3,14,2021-10-16,45,fish,77.07,2
aa323e7b-c941-413e-9a6b-53b5a0f01466,16,2022-05-31,46,enough,55.19,3
48f87477-9ca9-4ac5-871b-d4a92c75caf5,71,2023-11-11,20,appear,86.26,5
1b345ddd-0a8d-4ff5-8676-bc3fe6cc3f95,17,2021-11-18,10,one,46.29,1
f688c6c1-8c89-454c-96f5-d48a9582cc4b,7,2021-03-23,2,attack,96.14,2
08bcb3e9-e29a-4030-819d-9f33073f9170,96,2023-12-08,16,back,27.59,2
b7726c36-bacc-44da-af0c-ecbbc334e2b7,98,2024-07-17,9,reach,23.8,3
6d0309e9-9e9f-4b8d-b5bd-f524d8b521be,44,2024-05-05,16,exactly,40.58,3
01c58d20-d767-4e1a-b2a4-18a12d42b2b5,96,2021-02-14,8,main,31.51,5
eda31bc1-9933-4ac9-91a2-bbc0ec7270e2,17,2020-02-16,18,offer,84.46,2
6665c6e0-e00b-4f3a-9700-f1e2554c9d49,15,2022-03-22,38,tend,83.98,5
2152c873-c000-471f-b51b-3e2d4107c12f,7,2020-06-01,8,listen,31.7,4
a20f4067-40d0-464e-a899-f5e739fea1c8,55,2022-06-20,15,level,31.04,3
c0d4ac62-af77-4753-b9cb-bb797368bd96,45,2022-09-06,40,break,26.9,2
b966199f-6cd2-436f-ac1d-f91bc16628fa,44,2023-11-01,35,understand,42.37,5
4e7a786b-4b28-46c8-a7ce-202027733cc4,41,2021-07-24,13,event,53.78,3
43987b54-15c9-41c7-923f-da41cd792623,9,2022-02-01,9,weight,59.21,5
514e1cee-b0c4-486c-9276-8f484349e929,63,2023-08-08,41,through,91.03,2
e22f8976-3f2e-48ba-9c5f-1f523e6e34e8,23,2023-01-29,22,forget,76.55,5
ee07cef1-55ce-4069-a111-a9d49e251124,95,2022-11-08,35,key,91.18,2
3e052c3d-8ab5-42f8-9b95-79767af0e31a,13,2022-12-04,18,door,74.18,5
2358f076-4c73-443c-b37c-ef9b185a5c10,65,2020-04-16,18,two,14.17,1
6fff1b40-094e-4d71-923c-9a1185a9590a,99,2024-03-21,26,tell,61.26,5
5a74adbe-0b1d-40d9-a7ba-89b561f8d59f,43,2024-01-01,19,it,25.98,3
aa47e4c7-e102-4e13-8092-125b0f2a8ad7,45,2023-07-22,43,near,23.64,3
26b27cdc-710d-481b-a4c9-78ec50135d4f,55,2022-10-10,5,item,98.85,3
c1c23444-0686-4197-bc07-7237f7ad6d63,7,2023-06-03,26,when,93.14,2
1cd48b0a-2dc3-465c-bf00-d0cc4e867842,19,2022-06-24,24,ground,46.32,1
bd249608-c45a-4642-8d5d-9be0fb2f317a,65,2023-10-31,8,career,58.35,4
7de54b59-b138-43da-955f-f378e56ef456,88,2023-04-08,50,suffer,82.18,1
f0880036-16df-4ed2-8f3c-8c575de6296b,53,2022-08-01,6,me,56.08,1
b9c55e04-01f2-4853-8df0-3bc3e750c025,84,2023-10-02,11,per,86.6,4
155a36b0-f669-4881-ad92-8e13f483f017,49,2024-02-22,43,toward,80.99,5
0d3d69b7-cd88-4cad-88bc-3781f7285f1e,83,2023-11-12,17,result,40.04,3
d80aad86-9507-4deb-b9bc-29b8caf7c4e6,91,2022-07-19,25,campaign,81.62,2
4d12de6c-decd-49b9-974d-8fb45bb41cb7,45,2020-04-25,36,draw,17.19,2
462954d1-f1be-4a56-80a2-9c90356b306e,62,2023-02-16,27,government,18.77,5
1e560b1b-21db-4611-a44b-d6e563611fb6,46,2022-10-05,21,short,98.59,3
960fdfcf-04de-4e27-ace2-1c073b956c50,1,2021-03-16,20,analysis,17.05,2
56006fc2-b199-4c97-a720-a5b72fddc5cf,48,2021-07-11,49,field,55.95,2
abec9b7a-f0f0-472b-aea8-81fe573345c7,61,2020-07-22,42,girl,75.24,5
497f1760-18cf-44ca-86ab-63622aa2b562,96,2022-06-15,5,executive,40.11,1
1edf71d8-24a6-4116-bbf8-2ea9d9d64fe0,25,2022-07-19,48,because,24.41,3
5c5bfc72-b46a-4fd0-bd88-80399e8bc17a,25,2024-04-14,14,newspaper,43.83,2
f5fde0a6-67f0-4153-ae74-0f8c391eda42,19,2024-04-15,48,loss,37.11,2
234626c0-7d61-4ce9-a7ad-550e1ae3628b,41,2020-01-29,41,charge,11.02,4
b2d227ec-712b-4fc1-9594-e9e0834d7505,24,2021-05-04,5,none,36.47,1
1c8f29a7-e46f-40bb-8c6a-d8324ed28f3e,80,2020-01-20,44,my,64.65,3
f110753e-65e6-4100-967e-0703b97cc8a9,45,2020-08-27,4,apply,20.86,3
fd494711-f25f-430d-b9e9-124d2f1fc894,82,2021-02-03,18,south,57.85,1
ea46ad89-e3cc-4a66-afd1-d0b899aa027f,39,2021-06-22,20,system,94.41,1
3ab4c4fb-eda0-4982-867a-7055fcd8537e,69,2022-06-14,31,difference,88.07,2
4cad2e8f-fd2c-4861-8c31-074e97f4db68,28,2022-04-10,5,car,32.28,3
d7de0d1d-829a-48e0-bdac-4bcbcc42db93,23,2023-01-20,36,defense,23.11,3
80c39e68-ddfa-4204-817b-ace691120858,62,2022-08-03,41,figure,66.42,3
a54176fe-65c5-408f-9378-ea54abb8e158,9,2023-04-07,33,while,38.57,2
8e978a40-f858-4f02-b77e-4cfa5f8ee639,72,2022-10-23,43,speak,51.96,5
cc81d55a-d652-4b8a-912d-b5c917da7f51,23,2022-11-18,22,sign,56.64,2
8c59e262-60c2-4531-a4bb-526fb46ccfd1,46,2021-11-29,47,easy,14.88,3
6f130e1d-1c22-4982-aeb3-e02f718812d0,6,2021-03-26,37,rich,88.45,5
e7c5f002-1404-4943-b4cf-6be61266723c,18,2022-11-09,23,court,75.41,4
1f308faa-802a-4bd2-a164-152619a3fc3a,43,2023-08-10,31,really,39.04,4
b882cde4-e1fa-46b9-93c2-0f2e0b037f1a,94,2024-06-17,9,street,19.37,1
b29961e7-dbe1-4991-ab98-5451e9da9e5e,50,2020-06-25,39,claim,45.35,4
de74dfdb-b156-4755-a2f6-aca2369ddea9,99,2022-02-26,2,if,98.68,3
04cb2761-9285-4bc9-8b37-1bf9b63e5661,28,2023-07-27,18,sport,89.04,4
c470698e-bc81-4456-98b1-11ae93f4ee00,25,2021-09-22,38,night,36.11,2
9869285d-8af2-4db6-93c0-a838b8261d04,86,2021-08-02,47,third,34.79,1
5964792e-2c10-43af-aabf-aec7604db344,94,2022-10-20,18,bed,55.48,4
5ddf8175-3b64-4da2-ab7b-ef8e1ce710fd,85,2022-08-27,12,hand,32.09,5
c7a27ffd-d2a5-476c-809d-e1ef1ff912df,42,2022-07-21,38,safe,58.98,5
40f7d9a3-80f6-48d4-8d0a-7c96c9d75075,60,2023-07-18,2,the,85.41,4
2fd9e619-e94a-4541-b655-876a4248ce5e,93,2020-06-28,18,body,24.87,4
e97cc665-1a89-4931-83ab-c15ccfa943f5,47,2021-04-13,38,apply,41.56,3
b8265a8a-dfdb-4442-9d11-4b7216378b9f,6,2021-11-19,29,need,24.02,5
42690825-eb69-42a4-bd3e-de6e8a60fd13,41,2020-03-07,41,nation,97.27,2
413cc2dd-4b22-4a22-b8a0-f1a672f05ae3,84,2023-04-20,15,begin,62.8,2
0d110c83-13b3-4417-a400-db1be378b207,93,2020-07-10,41,part,26.25,3
ff314442-1b7e-44b4-bf3f-3cf4327e01b1,74,2023-05-19,25,field,71.75,1
ed3efea0-cd36-49c1-9741-b3de1b601f4c,1,2021-07-07,43,future,42.69,3
46aef648-e6fd-4f2f-90fd-bc4b812f953b,76,2023-04-10,17,young,51.33,4
4d59c4f1-1c0d-46e4-ad1f-44d6f9d2eaa1,9,2023-09-02,43,maintain,78.91,4
f41e9927-5f58-494f-960b-1d43cef18b97,89,2022-07-01,21,site,39.1,4
40566cfe-9089-406d-9a89-7d0919e6ae26,25,2020-01-31,31,fish,31.27,2
c145c148-538e-4a8f-9046-f51e9f30e066,87,2022-01-04,17,necessary,54.88,5
6c826fb8-5d5b-49af-b8e5-8290dd27c77a,66,2023-06-27,31,idea,48.39,5
59ab48b4-8691-46e4-a9a6-34afeda606de,53,2020-08-16,50,media,52.32,4
a9bed3e8-6827-4e4e-9928-222f86b24607,59,2020-04-01,31,person,35.47,1
fd722beb-3aef-4812-8ca4-ba01b8e2fada,79,2023-04-09,23,wish,19.21,4
0f88f67a-a31a-425c-bdd5-e742ade6e54b,83,2023-05-18,16,necessary,49.32,2
c4c0bb61-d4b9-44f8-bd93-1330f1fcace7,23,2023-01-30,47,product,24.09,3
d2968152-69d3-4114-8476-75cd37e49c04,65,2022-01-11,29,finish,51.01,2
28999b5c-601c-47a4-9d19-47d4da0890dc,59,2020-12-30,21,which,99.75,2
40b74683-88a8-4452-a847-7f98b69d0c5e,12,2021-06-08,14,reveal,92.11,5
103acae1-0eab-4642-b65a-abd0f308d9c1,45,2021-10-22,50,miss,51.53,2
189e1841-6fd3-48be-9585-cd0194cad8b7,54,2021-12-30,10,ahead,26.34,3
73a9bdbb-b7da-412e-8c20-ede620a70e85,14,2022-12-19,7,accept,85.14,5
73da63bb-5038-49ff-9540-0646d1e07d12,61,2022-08-17,23,government,33.27,2
f6587277-0f47-4d23-95d7-a24ba2d99f26,42,2020-02-01,15,heavy,55.03,2
5f49d870-5c74-4653-9441-57ad20b783ec,22,2020-05-22,20,impact,25.88,3
68d8d93a-e389-4f07-92b0-a52aa7800fcc,51,2020-07-17,14,nothing,98.49,3
52a2c228-0825-4170-b291-6dc5c16222b4,22,2023-09-23,45,event,66.81,5
51aa50bf-146f-4a24-94ae-4e985627ecc3,45,2021-06-06,9,inside,33.67,1
b6e8c2c8-6259-4f88-a3d1-8fce93f7a296,91,2021-01-13,43,beyond,52.31,4
6cf8047f-46c6-4bb7-8bad-085b71769fdb,79,2022-07-15,37,various,57.8,5
1510f5cc-5da8-4111-a722-8b7806d51c9f,13,2022-06-13,38,attention,84.31,4
22f32127-d2fc-41e6-bcd9-6b1520dd494b,97,2023-01-08,15,soldier,84.96,3
ae3a80a4-c24c-4857-9482-ace48ca43148,87,2021-03-01,9,front,65.73,5
0f862174-18a9-4985-8eca-ee2b4e85a33c,82,2022-12-07,49,coach,19.0,1
12850db6-6ca2-43b6-a0b9-e0d48fd15005,56,2021-03-01,30,structure,19.62,2
81e3ec57-e9c7-4ed9-bc2b-2763e97e01db,13,2021-09-17,31,its,36.35,1
483d347b-221b-4cb5-9db2-83a948127d9a,23,2020-01-10,33,wonder,98.22,5
a33d180c-5936-4a6f-90d2-1c6f615c8c14,25,2021-12-09,14,car,30.62,2
160d931b-f023-422f-8ec8-afbbb6fab84b,90,2021-01-26,42,specific,21.87,5
d29f64f5-77c0-4cf0-88af-656400e1afe4,43,2020-07-26,7,born,32.31,1
42f6c0e4-6ac9-47f8-a999-b99e95e9bf8a,44,2020-05-07,22,human,12.15,4
f0602b5f-c600-4c6f-beda-238d0198f935,49,2022-08-18,11,can,42.8,3
8a16e93c-d7ca-4da4-90cb-e62839523a9c,30,2024-05-06,26,great,25.7,3
c9cc053c-02c7-4f69-b651-61eaaa5e293a,9,2023-01-25,33,good,22.74,2
d4da6646-35df-4793-a4fd-f38bcf8b167f,6,2020-10-05,38,investment,29.17,5
d36a3b0b-b5a5-40d1-a10f-9e525efde63b,13,2020-03-29,41,medical,90.79,3
9d7590c1-b1b8-44ee-99f1-d7107d5dee4f,18,2020-12-25,31,walk,86.19,5
234da0bb-dd53-4738-8ae4-656d6cbff017,93,2024-06-17,44,economy,38.65,1
284dfc19-53f6-4b96-ae51-c988f0e4f424,95,2020-01-10,35,blue,63.03,5
e4fdc1cb-4a02-4f35-a0e9-a6c6c2da26b7,76,2024-02-09,24,crime,70.49,1
c9633aa1-0b2a-46df-b4de-0133a9303641,62,2020-04-13,10,trouble,99.1,3
0735dadb-e2ff-479f-aa4f-1dced48f3d46,70,2021-01-11,15,green,11.4,3
7ab195c9-836c-4d5a-b001-e83f91d014f5,50,2020-03-29,20,recent,27.8,5
ae06c08c-53b1-484d-bb32-b1db78f30276,29,2022-10-08,31,between,70.21,3
42add461-3078-4c0a-bd6d-c575744f719b,17,2023-04-24,18,operation,58.32,3
8efb53f6-3bbe-443b-bbae-c96a41df2228,41,2023-12-07,38,college,54.36,3
c4eda4d0-3538-4f6a-a03b-527ae7f81f6d,84,2024-01-27,31,term,55.36,5
